--
-- PostgreSQL database dump
--

-- Dumped from database version 15.13 (Debian 15.13-1.pgdg120+1)
-- Dumped by pg_dump version 15.13 (Debian 15.13-1.pgdg120+1)

SET statement_timeout = 0;
SET lock_timeout = 0;
SET idle_in_transaction_session_timeout = 0;
SET client_encoding = 'UTF8';
SET standard_conforming_strings = on;
SELECT pg_catalog.set_config('search_path', '', false);
SET check_function_bodies = false;
SET xmloption = content;
SET client_min_messages = warning;
SET row_security = off;

SET default_tablespace = '';

SET default_table_access_method = heap;

--
-- Name: dimdate; Type: TABLE; Schema: public; Owner: myuser
--

CREATE TABLE public.dimdate (
    dateid integer NOT NULL,
    date date,
    year integer,
    quarter integer,
    month integer,
    day integer,
    weekday character varying(15)
);


ALTER TABLE public.dimdate OWNER TO myuser;

--
-- Name: dimproduct; Type: TABLE; Schema: public; Owner: myuser
--

CREATE TABLE public.dimproduct (
    productid integer NOT NULL,
    productname character varying(100),
    category character varying(50),
    subcategory character varying(50),
    costprice numeric(10,2),
    saleprice numeric(10,2)
);


ALTER TABLE public.dimproduct OWNER TO myuser;

--
-- Name: dimstore; Type: TABLE; Schema: public; Owner: myuser
--

CREATE TABLE public.dimstore (
    storeid integer NOT NULL,
    storename character varying(100),
    city character varying(50),
    region character varying(50)
);


ALTER TABLE public.dimstore OWNER TO myuser;

--
-- Name: factsales; Type: TABLE; Schema: public; Owner: myuser
--

CREATE TABLE public.factsales (
    salesid integer NOT NULL,
    dateid integer,
    productid integer,
    storeid integer,
    qtysold integer,
    revenue numeric(10,2)
);


ALTER TABLE public.factsales OWNER TO myuser;

--
-- Name: v_monthly_sales; Type: VIEW; Schema: public; Owner: myuser
--

CREATE VIEW public.v_monthly_sales AS
 SELECT d.year,
    d.month,
    sum(f.revenue) AS total_revenue,
    sum(f.qtysold) AS total_quantity
   FROM (public.factsales f
     JOIN public.dimdate d ON ((f.dateid = d.dateid)))
  GROUP BY d.year, d.month
  ORDER BY d.year, d.month;


ALTER TABLE public.v_monthly_sales OWNER TO myuser;

--
-- Name: v_monthly_sales_by_category; Type: VIEW; Schema: public; Owner: myuser
--

CREATE VIEW public.v_monthly_sales_by_category AS
 SELECT d.year,
    d.month,
    p.category,
    p.subcategory,
    sum(f.revenue) AS total_revenue,
    sum(f.qtysold) AS total_quantity
   FROM ((public.factsales f
     JOIN public.dimdate d ON ((f.dateid = d.dateid)))
     JOIN public.dimproduct p ON ((f.productid = p.productid)))
  GROUP BY d.year, d.month, p.category, p.subcategory
  ORDER BY d.year, d.month;


ALTER TABLE public.v_monthly_sales_by_category OWNER TO myuser;

--
-- Name: v_product_performance; Type: VIEW; Schema: public; Owner: myuser
--

CREATE VIEW public.v_product_performance AS
 SELECT p.productid,
    p.productname,
    p.category,
    p.subcategory,
    sum(f.revenue) AS total_revenue,
    sum(f.qtysold) AS total_quantity,
    round(avg(((p.saleprice - p.costprice) / NULLIF(p.saleprice, (0)::numeric))), 2) AS avg_profit_margin
   FROM (public.factsales f
     JOIN public.dimproduct p ON ((f.productid = p.productid)))
  GROUP BY p.productid, p.productname, p.category, p.subcategory;


ALTER TABLE public.v_product_performance OWNER TO myuser;

--
-- Name: v_profit_margin_by_product; Type: VIEW; Schema: public; Owner: myuser
--

CREATE VIEW public.v_profit_margin_by_product AS
 SELECT dimproduct.productid,
    dimproduct.productname,
    round(((dimproduct.saleprice - dimproduct.costprice) / NULLIF(dimproduct.saleprice, (0)::numeric)), 2) AS profit_margin
   FROM public.dimproduct;


ALTER TABLE public.v_profit_margin_by_product OWNER TO myuser;

--
-- Name: v_sales_by_region; Type: VIEW; Schema: public; Owner: myuser
--

CREATE VIEW public.v_sales_by_region AS
 SELECT s.region,
    sum(f.revenue) AS total_revenue,
    sum(f.qtysold) AS total_quantity
   FROM (public.factsales f
     JOIN public.dimstore s ON ((f.storeid = s.storeid)))
  GROUP BY s.region;


ALTER TABLE public.v_sales_by_region OWNER TO myuser;

--
-- Name: v_top_region; Type: VIEW; Schema: public; Owner: myuser
--

CREATE VIEW public.v_top_region AS
 SELECT s.region,
    sum(f.revenue) AS total_revenue
   FROM (public.factsales f
     JOIN public.dimstore s ON ((f.storeid = s.storeid)))
  GROUP BY s.region
  ORDER BY (sum(f.revenue)) DESC
 LIMIT 1;


ALTER TABLE public.v_top_region OWNER TO myuser;

--
-- Data for Name: dimdate; Type: TABLE DATA; Schema: public; Owner: myuser
--

COPY public.dimdate (dateid, date, year, quarter, month, day, weekday) FROM stdin;
1	2024-01-01	2024	1	1	1	Monday
2	2024-01-02	2024	1	1	2	Tuesday
3	2024-01-03	2024	1	1	3	Wednesday
4	2024-01-04	2024	1	1	4	Thursday
5	2024-01-05	2024	1	1	5	Friday
6	2024-01-06	2024	1	1	6	Saturday
7	2024-01-07	2024	1	1	7	Sunday
8	2024-01-08	2024	1	1	8	Monday
9	2024-01-09	2024	1	1	9	Tuesday
10	2024-01-10	2024	1	1	10	Wednesday
11	2024-01-11	2024	1	1	11	Thursday
12	2024-01-12	2024	1	1	12	Friday
13	2024-01-13	2024	1	1	13	Saturday
14	2024-01-14	2024	1	1	14	Sunday
15	2024-01-15	2024	1	1	15	Monday
16	2024-01-16	2024	1	1	16	Tuesday
17	2024-01-17	2024	1	1	17	Wednesday
18	2024-01-18	2024	1	1	18	Thursday
19	2024-01-19	2024	1	1	19	Friday
20	2024-01-20	2024	1	1	20	Saturday
21	2024-01-21	2024	1	1	21	Sunday
22	2024-01-22	2024	1	1	22	Monday
23	2024-01-23	2024	1	1	23	Tuesday
24	2024-01-24	2024	1	1	24	Wednesday
25	2024-01-25	2024	1	1	25	Thursday
26	2024-01-26	2024	1	1	26	Friday
27	2024-01-27	2024	1	1	27	Saturday
28	2024-01-28	2024	1	1	28	Sunday
29	2024-01-29	2024	1	1	29	Monday
30	2024-01-30	2024	1	1	30	Tuesday
31	2024-01-31	2024	1	1	31	Wednesday
32	2024-02-01	2024	1	2	1	Thursday
33	2024-02-02	2024	1	2	2	Friday
34	2024-02-03	2024	1	2	3	Saturday
35	2024-02-04	2024	1	2	4	Sunday
36	2024-02-05	2024	1	2	5	Monday
37	2024-02-06	2024	1	2	6	Tuesday
38	2024-02-07	2024	1	2	7	Wednesday
39	2024-02-08	2024	1	2	8	Thursday
40	2024-02-09	2024	1	2	9	Friday
41	2024-02-10	2024	1	2	10	Saturday
42	2024-02-11	2024	1	2	11	Sunday
43	2024-02-12	2024	1	2	12	Monday
44	2024-02-13	2024	1	2	13	Tuesday
45	2024-02-14	2024	1	2	14	Wednesday
46	2024-02-15	2024	1	2	15	Thursday
47	2024-02-16	2024	1	2	16	Friday
48	2024-02-17	2024	1	2	17	Saturday
49	2024-02-18	2024	1	2	18	Sunday
50	2024-02-19	2024	1	2	19	Monday
51	2024-02-20	2024	1	2	20	Tuesday
52	2024-02-21	2024	1	2	21	Wednesday
53	2024-02-22	2024	1	2	22	Thursday
54	2024-02-23	2024	1	2	23	Friday
55	2024-02-24	2024	1	2	24	Saturday
56	2024-02-25	2024	1	2	25	Sunday
57	2024-02-26	2024	1	2	26	Monday
58	2024-02-27	2024	1	2	27	Tuesday
59	2024-02-28	2024	1	2	28	Wednesday
60	2024-02-29	2024	1	2	29	Thursday
61	2024-03-01	2024	1	3	1	Friday
62	2024-03-02	2024	1	3	2	Saturday
63	2024-03-03	2024	1	3	3	Sunday
64	2024-03-04	2024	1	3	4	Monday
65	2024-03-05	2024	1	3	5	Tuesday
66	2024-03-06	2024	1	3	6	Wednesday
67	2024-03-07	2024	1	3	7	Thursday
68	2024-03-08	2024	1	3	8	Friday
69	2024-03-09	2024	1	3	9	Saturday
70	2024-03-10	2024	1	3	10	Sunday
71	2024-03-11	2024	1	3	11	Monday
72	2024-03-12	2024	1	3	12	Tuesday
73	2024-03-13	2024	1	3	13	Wednesday
74	2024-03-14	2024	1	3	14	Thursday
75	2024-03-15	2024	1	3	15	Friday
76	2024-03-16	2024	1	3	16	Saturday
77	2024-03-17	2024	1	3	17	Sunday
78	2024-03-18	2024	1	3	18	Monday
79	2024-03-19	2024	1	3	19	Tuesday
80	2024-03-20	2024	1	3	20	Wednesday
81	2024-03-21	2024	1	3	21	Thursday
82	2024-03-22	2024	1	3	22	Friday
83	2024-03-23	2024	1	3	23	Saturday
84	2024-03-24	2024	1	3	24	Sunday
85	2024-03-25	2024	1	3	25	Monday
86	2024-03-26	2024	1	3	26	Tuesday
87	2024-03-27	2024	1	3	27	Wednesday
88	2024-03-28	2024	1	3	28	Thursday
89	2024-03-29	2024	1	3	29	Friday
90	2024-03-30	2024	1	3	30	Saturday
91	2024-03-31	2024	1	3	31	Sunday
92	2024-04-01	2024	2	4	1	Monday
93	2024-04-02	2024	2	4	2	Tuesday
94	2024-04-03	2024	2	4	3	Wednesday
95	2024-04-04	2024	2	4	4	Thursday
96	2024-04-05	2024	2	4	5	Friday
97	2024-04-06	2024	2	4	6	Saturday
98	2024-04-07	2024	2	4	7	Sunday
99	2024-04-08	2024	2	4	8	Monday
100	2024-04-09	2024	2	4	9	Tuesday
101	2024-04-10	2024	2	4	10	Wednesday
102	2024-04-11	2024	2	4	11	Thursday
103	2024-04-12	2024	2	4	12	Friday
104	2024-04-13	2024	2	4	13	Saturday
105	2024-04-14	2024	2	4	14	Sunday
106	2024-04-15	2024	2	4	15	Monday
107	2024-04-16	2024	2	4	16	Tuesday
108	2024-04-17	2024	2	4	17	Wednesday
109	2024-04-18	2024	2	4	18	Thursday
110	2024-04-19	2024	2	4	19	Friday
111	2024-04-20	2024	2	4	20	Saturday
112	2024-04-21	2024	2	4	21	Sunday
113	2024-04-22	2024	2	4	22	Monday
114	2024-04-23	2024	2	4	23	Tuesday
115	2024-04-24	2024	2	4	24	Wednesday
116	2024-04-25	2024	2	4	25	Thursday
117	2024-04-26	2024	2	4	26	Friday
118	2024-04-27	2024	2	4	27	Saturday
119	2024-04-28	2024	2	4	28	Sunday
120	2024-04-29	2024	2	4	29	Monday
121	2024-04-30	2024	2	4	30	Tuesday
122	2024-05-01	2024	2	5	1	Wednesday
123	2024-05-02	2024	2	5	2	Thursday
124	2024-05-03	2024	2	5	3	Friday
125	2024-05-04	2024	2	5	4	Saturday
126	2024-05-05	2024	2	5	5	Sunday
127	2024-05-06	2024	2	5	6	Monday
128	2024-05-07	2024	2	5	7	Tuesday
129	2024-05-08	2024	2	5	8	Wednesday
130	2024-05-09	2024	2	5	9	Thursday
131	2024-05-10	2024	2	5	10	Friday
132	2024-05-11	2024	2	5	11	Saturday
133	2024-05-12	2024	2	5	12	Sunday
134	2024-05-13	2024	2	5	13	Monday
135	2024-05-14	2024	2	5	14	Tuesday
136	2024-05-15	2024	2	5	15	Wednesday
137	2024-05-16	2024	2	5	16	Thursday
138	2024-05-17	2024	2	5	17	Friday
139	2024-05-18	2024	2	5	18	Saturday
140	2024-05-19	2024	2	5	19	Sunday
141	2024-05-20	2024	2	5	20	Monday
142	2024-05-21	2024	2	5	21	Tuesday
143	2024-05-22	2024	2	5	22	Wednesday
144	2024-05-23	2024	2	5	23	Thursday
145	2024-05-24	2024	2	5	24	Friday
146	2024-05-25	2024	2	5	25	Saturday
147	2024-05-26	2024	2	5	26	Sunday
148	2024-05-27	2024	2	5	27	Monday
149	2024-05-28	2024	2	5	28	Tuesday
150	2024-05-29	2024	2	5	29	Wednesday
151	2024-05-30	2024	2	5	30	Thursday
152	2024-05-31	2024	2	5	31	Friday
153	2024-06-01	2024	2	6	1	Saturday
154	2024-06-02	2024	2	6	2	Sunday
155	2024-06-03	2024	2	6	3	Monday
156	2024-06-04	2024	2	6	4	Tuesday
157	2024-06-05	2024	2	6	5	Wednesday
158	2024-06-06	2024	2	6	6	Thursday
159	2024-06-07	2024	2	6	7	Friday
160	2024-06-08	2024	2	6	8	Saturday
161	2024-06-09	2024	2	6	9	Sunday
162	2024-06-10	2024	2	6	10	Monday
163	2024-06-11	2024	2	6	11	Tuesday
164	2024-06-12	2024	2	6	12	Wednesday
165	2024-06-13	2024	2	6	13	Thursday
166	2024-06-14	2024	2	6	14	Friday
167	2024-06-15	2024	2	6	15	Saturday
168	2024-06-16	2024	2	6	16	Sunday
169	2024-06-17	2024	2	6	17	Monday
170	2024-06-18	2024	2	6	18	Tuesday
171	2024-06-19	2024	2	6	19	Wednesday
172	2024-06-20	2024	2	6	20	Thursday
173	2024-06-21	2024	2	6	21	Friday
174	2024-06-22	2024	2	6	22	Saturday
175	2024-06-23	2024	2	6	23	Sunday
176	2024-06-24	2024	2	6	24	Monday
177	2024-06-25	2024	2	6	25	Tuesday
178	2024-06-26	2024	2	6	26	Wednesday
179	2024-06-27	2024	2	6	27	Thursday
180	2024-06-28	2024	2	6	28	Friday
181	2024-06-29	2024	2	6	29	Saturday
182	2024-06-30	2024	2	6	30	Sunday
183	2024-07-01	2024	3	7	1	Monday
184	2024-07-02	2024	3	7	2	Tuesday
185	2024-07-03	2024	3	7	3	Wednesday
186	2024-07-04	2024	3	7	4	Thursday
187	2024-07-05	2024	3	7	5	Friday
188	2024-07-06	2024	3	7	6	Saturday
189	2024-07-07	2024	3	7	7	Sunday
190	2024-07-08	2024	3	7	8	Monday
191	2024-07-09	2024	3	7	9	Tuesday
192	2024-07-10	2024	3	7	10	Wednesday
193	2024-07-11	2024	3	7	11	Thursday
194	2024-07-12	2024	3	7	12	Friday
195	2024-07-13	2024	3	7	13	Saturday
196	2024-07-14	2024	3	7	14	Sunday
197	2024-07-15	2024	3	7	15	Monday
198	2024-07-16	2024	3	7	16	Tuesday
199	2024-07-17	2024	3	7	17	Wednesday
200	2024-07-18	2024	3	7	18	Thursday
201	2024-07-19	2024	3	7	19	Friday
202	2024-07-20	2024	3	7	20	Saturday
203	2024-07-21	2024	3	7	21	Sunday
204	2024-07-22	2024	3	7	22	Monday
205	2024-07-23	2024	3	7	23	Tuesday
206	2024-07-24	2024	3	7	24	Wednesday
207	2024-07-25	2024	3	7	25	Thursday
208	2024-07-26	2024	3	7	26	Friday
209	2024-07-27	2024	3	7	27	Saturday
210	2024-07-28	2024	3	7	28	Sunday
211	2024-07-29	2024	3	7	29	Monday
212	2024-07-30	2024	3	7	30	Tuesday
213	2024-07-31	2024	3	7	31	Wednesday
214	2024-08-01	2024	3	8	1	Thursday
215	2024-08-02	2024	3	8	2	Friday
216	2024-08-03	2024	3	8	3	Saturday
217	2024-08-04	2024	3	8	4	Sunday
218	2024-08-05	2024	3	8	5	Monday
219	2024-08-06	2024	3	8	6	Tuesday
220	2024-08-07	2024	3	8	7	Wednesday
221	2024-08-08	2024	3	8	8	Thursday
222	2024-08-09	2024	3	8	9	Friday
223	2024-08-10	2024	3	8	10	Saturday
224	2024-08-11	2024	3	8	11	Sunday
225	2024-08-12	2024	3	8	12	Monday
226	2024-08-13	2024	3	8	13	Tuesday
227	2024-08-14	2024	3	8	14	Wednesday
228	2024-08-15	2024	3	8	15	Thursday
229	2024-08-16	2024	3	8	16	Friday
230	2024-08-17	2024	3	8	17	Saturday
231	2024-08-18	2024	3	8	18	Sunday
232	2024-08-19	2024	3	8	19	Monday
233	2024-08-20	2024	3	8	20	Tuesday
234	2024-08-21	2024	3	8	21	Wednesday
235	2024-08-22	2024	3	8	22	Thursday
236	2024-08-23	2024	3	8	23	Friday
237	2024-08-24	2024	3	8	24	Saturday
238	2024-08-25	2024	3	8	25	Sunday
239	2024-08-26	2024	3	8	26	Monday
240	2024-08-27	2024	3	8	27	Tuesday
241	2024-08-28	2024	3	8	28	Wednesday
242	2024-08-29	2024	3	8	29	Thursday
243	2024-08-30	2024	3	8	30	Friday
244	2024-08-31	2024	3	8	31	Saturday
245	2024-09-01	2024	3	9	1	Sunday
246	2024-09-02	2024	3	9	2	Monday
247	2024-09-03	2024	3	9	3	Tuesday
248	2024-09-04	2024	3	9	4	Wednesday
249	2024-09-05	2024	3	9	5	Thursday
250	2024-09-06	2024	3	9	6	Friday
251	2024-09-07	2024	3	9	7	Saturday
252	2024-09-08	2024	3	9	8	Sunday
253	2024-09-09	2024	3	9	9	Monday
254	2024-09-10	2024	3	9	10	Tuesday
255	2024-09-11	2024	3	9	11	Wednesday
256	2024-09-12	2024	3	9	12	Thursday
257	2024-09-13	2024	3	9	13	Friday
258	2024-09-14	2024	3	9	14	Saturday
259	2024-09-15	2024	3	9	15	Sunday
260	2024-09-16	2024	3	9	16	Monday
261	2024-09-17	2024	3	9	17	Tuesday
262	2024-09-18	2024	3	9	18	Wednesday
263	2024-09-19	2024	3	9	19	Thursday
264	2024-09-20	2024	3	9	20	Friday
265	2024-09-21	2024	3	9	21	Saturday
266	2024-09-22	2024	3	9	22	Sunday
267	2024-09-23	2024	3	9	23	Monday
268	2024-09-24	2024	3	9	24	Tuesday
269	2024-09-25	2024	3	9	25	Wednesday
270	2024-09-26	2024	3	9	26	Thursday
271	2024-09-27	2024	3	9	27	Friday
272	2024-09-28	2024	3	9	28	Saturday
273	2024-09-29	2024	3	9	29	Sunday
274	2024-09-30	2024	3	9	30	Monday
275	2024-10-01	2024	4	10	1	Tuesday
276	2024-10-02	2024	4	10	2	Wednesday
277	2024-10-03	2024	4	10	3	Thursday
278	2024-10-04	2024	4	10	4	Friday
279	2024-10-05	2024	4	10	5	Saturday
280	2024-10-06	2024	4	10	6	Sunday
281	2024-10-07	2024	4	10	7	Monday
282	2024-10-08	2024	4	10	8	Tuesday
283	2024-10-09	2024	4	10	9	Wednesday
284	2024-10-10	2024	4	10	10	Thursday
285	2024-10-11	2024	4	10	11	Friday
286	2024-10-12	2024	4	10	12	Saturday
287	2024-10-13	2024	4	10	13	Sunday
288	2024-10-14	2024	4	10	14	Monday
289	2024-10-15	2024	4	10	15	Tuesday
290	2024-10-16	2024	4	10	16	Wednesday
291	2024-10-17	2024	4	10	17	Thursday
292	2024-10-18	2024	4	10	18	Friday
293	2024-10-19	2024	4	10	19	Saturday
294	2024-10-20	2024	4	10	20	Sunday
295	2024-10-21	2024	4	10	21	Monday
296	2024-10-22	2024	4	10	22	Tuesday
297	2024-10-23	2024	4	10	23	Wednesday
298	2024-10-24	2024	4	10	24	Thursday
299	2024-10-25	2024	4	10	25	Friday
300	2024-10-26	2024	4	10	26	Saturday
301	2024-10-27	2024	4	10	27	Sunday
302	2024-10-28	2024	4	10	28	Monday
303	2024-10-29	2024	4	10	29	Tuesday
304	2024-10-30	2024	4	10	30	Wednesday
305	2024-10-31	2024	4	10	31	Thursday
306	2024-11-01	2024	4	11	1	Friday
307	2024-11-02	2024	4	11	2	Saturday
308	2024-11-03	2024	4	11	3	Sunday
309	2024-11-04	2024	4	11	4	Monday
310	2024-11-05	2024	4	11	5	Tuesday
311	2024-11-06	2024	4	11	6	Wednesday
312	2024-11-07	2024	4	11	7	Thursday
313	2024-11-08	2024	4	11	8	Friday
314	2024-11-09	2024	4	11	9	Saturday
315	2024-11-10	2024	4	11	10	Sunday
316	2024-11-11	2024	4	11	11	Monday
317	2024-11-12	2024	4	11	12	Tuesday
318	2024-11-13	2024	4	11	13	Wednesday
319	2024-11-14	2024	4	11	14	Thursday
320	2024-11-15	2024	4	11	15	Friday
321	2024-11-16	2024	4	11	16	Saturday
322	2024-11-17	2024	4	11	17	Sunday
323	2024-11-18	2024	4	11	18	Monday
324	2024-11-19	2024	4	11	19	Tuesday
325	2024-11-20	2024	4	11	20	Wednesday
326	2024-11-21	2024	4	11	21	Thursday
327	2024-11-22	2024	4	11	22	Friday
328	2024-11-23	2024	4	11	23	Saturday
329	2024-11-24	2024	4	11	24	Sunday
330	2024-11-25	2024	4	11	25	Monday
331	2024-11-26	2024	4	11	26	Tuesday
332	2024-11-27	2024	4	11	27	Wednesday
333	2024-11-28	2024	4	11	28	Thursday
334	2024-11-29	2024	4	11	29	Friday
335	2024-11-30	2024	4	11	30	Saturday
336	2024-12-01	2024	4	12	1	Sunday
337	2024-12-02	2024	4	12	2	Monday
338	2024-12-03	2024	4	12	3	Tuesday
339	2024-12-04	2024	4	12	4	Wednesday
340	2024-12-05	2024	4	12	5	Thursday
341	2024-12-06	2024	4	12	6	Friday
342	2024-12-07	2024	4	12	7	Saturday
343	2024-12-08	2024	4	12	8	Sunday
344	2024-12-09	2024	4	12	9	Monday
345	2024-12-10	2024	4	12	10	Tuesday
346	2024-12-11	2024	4	12	11	Wednesday
347	2024-12-12	2024	4	12	12	Thursday
348	2024-12-13	2024	4	12	13	Friday
349	2024-12-14	2024	4	12	14	Saturday
350	2024-12-15	2024	4	12	15	Sunday
351	2024-12-16	2024	4	12	16	Monday
352	2024-12-17	2024	4	12	17	Tuesday
353	2024-12-18	2024	4	12	18	Wednesday
354	2024-12-19	2024	4	12	19	Thursday
355	2024-12-20	2024	4	12	20	Friday
356	2024-12-21	2024	4	12	21	Saturday
357	2024-12-22	2024	4	12	22	Sunday
358	2024-12-23	2024	4	12	23	Monday
359	2024-12-24	2024	4	12	24	Tuesday
360	2024-12-25	2024	4	12	25	Wednesday
361	2024-12-26	2024	4	12	26	Thursday
362	2024-12-27	2024	4	12	27	Friday
363	2024-12-28	2024	4	12	28	Saturday
364	2024-12-29	2024	4	12	29	Sunday
365	2024-12-30	2024	4	12	30	Monday
\.


--
-- Data for Name: dimproduct; Type: TABLE DATA; Schema: public; Owner: myuser
--

COPY public.dimproduct (productid, productname, category, subcategory, costprice, saleprice) FROM stdin;
1001	Product_1	Dairy	Medium	16.03	25.61
1002	Product_2	Household	Low	5.19	7.20
1003	Product_3	Beverages	Medium	11.01	16.65
1004	Product_4	Dairy	Medium	12.46	19.04
1005	Product_5	Dairy	Medium	2.36	3.09
1006	Product_6	Household	Medium	12.74	22.70
1007	Product_7	Beverages	Low	4.65	7.74
1008	Product_8	Beverages	Low	2.70	4.76
1009	Product_9	Dairy	Medium	19.05	33.09
1010	Product_10	Snacks	Medium	19.36	30.18
1011	Product_11	Dairy	Low	16.46	28.86
1012	Product_12	Dairy	Low	7.14	8.95
1013	Product_13	Dairy	Low	3.31	4.36
1014	Product_14	Dairy	Premium	14.16	17.38
1015	Product_15	Household	Premium	9.64	13.45
1016	Product_16	Beverages	Premium	3.76	5.39
1017	Product_17	Household	Medium	10.66	14.53
1018	Product_18	Household	Premium	2.14	3.63
1019	Product_19	Household	Medium	18.32	25.91
1020	Product_20	Dairy	Medium	6.29	8.61
\.


--
-- Data for Name: dimstore; Type: TABLE DATA; Schema: public; Owner: myuser
--

COPY public.dimstore (storeid, storename, city, region) FROM stdin;
201	Store_1	Heraklion	Crete
202	Store_2	Larissa	Thessaly
203	Store_3	Athens	Attica
204	Store_4	Larissa	Thessaly
205	Store_5	Larissa	Thessaly
206	Store_6	Athens	Attica
207	Store_7	Athens	Attica
208	Store_8	Athens	Attica
209	Store_9	Athens	Attica
210	Store_10	Heraklion	Crete
\.


--
-- Data for Name: factsales; Type: TABLE DATA; Schema: public; Owner: myuser
--

COPY public.factsales (salesid, dateid, productid, storeid, qtysold, revenue) FROM stdin;
1	125	1015	208	3	40.35
2	71	1014	208	4	69.52
3	209	1011	203	2	57.72
4	269	1007	207	9	69.66
5	85	1008	202	1	4.76
6	355	1004	206	6	114.24
7	339	1003	204	3	49.95
8	31	1014	203	3	52.14
9	131	1020	209	8	68.88
10	180	1007	208	3	23.22
11	184	1013	203	3	13.08
12	184	1002	210	2	14.40
13	92	1007	206	7	54.18
14	185	1015	205	6	80.70
15	100	1003	203	4	66.60
16	273	1015	204	3	40.35
17	345	1016	202	2	10.78
18	240	1012	202	7	62.65
19	350	1007	204	8	61.92
20	349	1018	205	7	25.41
21	88	1017	203	2	29.06
22	183	1019	201	7	181.37
23	239	1016	205	2	10.78
24	228	1006	201	8	181.60
25	360	1002	202	2	14.40
26	133	1008	204	5	23.80
27	175	1010	202	5	150.90
28	73	1015	205	7	94.15
29	214	1011	205	6	173.16
30	320	1004	204	4	76.16
31	178	1018	210	7	25.41
32	320	1019	201	5	129.55
33	262	1004	202	7	133.28
34	127	1019	204	6	155.46
35	177	1014	210	8	139.04
36	170	1017	210	4	58.12
37	148	1008	210	9	42.84
38	242	1001	206	1	25.61
39	326	1006	209	9	204.30
40	180	1019	205	9	233.19
41	317	1019	202	8	207.28
42	188	1015	205	9	121.05
43	226	1007	202	4	30.96
44	303	1020	209	6	51.66
45	62	1008	204	7	33.32
46	17	1004	202	8	152.32
47	87	1010	207	4	120.72
48	320	1008	204	9	42.84
49	357	1004	206	3	57.12
50	289	1011	210	7	202.02
51	44	1010	201	2	60.36
52	339	1002	202	4	28.80
53	79	1003	203	7	116.55
54	268	1009	203	8	264.72
55	299	1005	205	8	24.72
56	298	1004	204	5	95.20
57	173	1019	209	4	103.64
58	275	1002	203	5	36.00
59	327	1009	206	4	132.36
60	150	1008	202	4	19.04
61	121	1013	202	2	8.72
62	268	1004	206	3	57.12
63	204	1003	205	4	66.60
64	177	1013	210	2	8.72
65	266	1018	204	8	29.04
66	23	1016	205	5	26.95
67	223	1010	208	2	60.36
68	26	1008	208	9	42.84
69	21	1006	207	4	90.80
70	256	1009	210	4	132.36
71	282	1012	208	3	26.85
72	298	1015	207	6	80.70
73	80	1016	208	4	21.56
74	195	1010	207	4	120.72
75	156	1003	203	9	149.85
76	315	1010	208	4	120.72
77	285	1011	204	7	202.02
78	143	1005	203	7	21.63
79	310	1009	207	3	99.27
80	82	1007	205	2	15.48
81	206	1015	208	1	13.45
82	22	1006	204	1	22.70
83	170	1015	205	3	40.35
84	107	1007	207	6	46.44
85	8	1013	202	9	39.24
86	251	1009	207	3	99.27
87	207	1008	207	8	38.08
88	314	1008	209	9	42.84
89	55	1008	205	4	19.04
90	243	1009	210	6	198.54
91	275	1009	207	5	165.45
92	254	1002	208	5	36.00
93	245	1012	210	8	71.60
94	177	1019	205	9	233.19
95	116	1013	206	9	39.24
96	222	1003	205	6	99.90
97	75	1019	210	6	155.46
98	21	1010	210	4	120.72
99	286	1020	202	5	43.05
100	277	1015	202	6	80.70
101	232	1001	210	2	51.22
102	150	1019	203	8	207.28
103	339	1020	202	7	60.27
104	32	1003	201	3	49.95
105	283	1004	208	2	38.08
106	351	1019	208	1	25.91
107	110	1015	203	6	80.70
108	21	1004	208	8	152.32
109	161	1007	207	8	61.92
110	334	1002	205	3	21.60
111	292	1006	204	1	22.70
112	1	1010	208	5	150.90
113	101	1001	210	1	25.61
114	23	1020	205	4	34.44
115	262	1015	210	7	94.15
116	19	1018	210	4	14.52
117	88	1009	203	4	132.36
118	33	1017	210	9	130.77
119	61	1020	202	9	77.49
120	239	1017	210	2	29.06
121	113	1002	209	4	28.80
122	272	1010	205	7	211.26
123	282	1004	208	2	38.08
124	208	1003	202	7	116.55
125	103	1003	207	3	49.95
126	208	1002	210	5	36.00
127	161	1018	201	3	10.89
128	133	1012	209	9	80.55
129	135	1006	208	4	90.80
130	294	1018	202	7	25.41
131	335	1009	209	7	231.63
132	41	1017	201	7	101.71
133	152	1011	209	4	115.44
134	211	1012	207	4	35.80
135	325	1010	206	8	241.44
136	253	1015	205	1	13.45
137	296	1012	209	7	62.65
138	28	1013	208	1	4.36
139	309	1012	201	6	53.70
140	246	1007	210	4	30.96
141	125	1016	209	2	10.78
142	54	1020	201	2	17.22
143	297	1013	201	3	13.08
144	107	1014	202	6	104.28
145	91	1008	202	3	14.28
146	12	1006	202	1	22.70
147	2	1013	206	9	39.24
148	94	1016	201	3	16.17
149	282	1017	202	9	130.77
150	346	1005	201	5	15.45
151	153	1015	205	3	40.35
152	180	1001	209	8	204.88
153	108	1019	205	6	155.46
154	297	1008	201	2	9.52
155	176	1006	201	6	136.20
156	353	1005	207	9	27.81
157	313	1014	208	3	52.14
158	242	1004	209	6	114.24
159	124	1014	205	3	52.14
160	97	1004	205	3	57.12
161	185	1008	209	8	38.08
162	44	1004	207	2	38.08
163	87	1014	201	6	104.28
164	223	1013	209	1	4.36
165	114	1011	208	4	115.44
166	315	1011	202	4	115.44
167	353	1010	201	1	30.18
168	22	1008	209	6	28.56
169	13	1003	208	2	33.30
170	100	1020	206	5	43.05
171	175	1011	202	4	115.44
172	364	1005	201	6	18.54
173	232	1015	203	7	94.15
174	42	1013	204	4	17.44
175	132	1007	204	2	15.48
176	332	1011	206	6	173.16
177	242	1013	206	4	17.44
178	359	1015	209	7	94.15
179	135	1014	206	9	156.42
180	4	1015	209	4	53.80
181	202	1017	202	2	29.06
182	35	1013	206	3	13.08
183	290	1007	201	7	54.18
184	169	1019	203	8	207.28
185	290	1010	208	8	241.44
186	248	1019	206	4	103.64
187	75	1018	206	1	3.63
188	293	1018	207	3	10.89
189	56	1012	207	9	80.55
190	196	1016	208	9	48.51
191	184	1004	208	7	133.28
192	337	1020	210	4	34.44
193	227	1003	201	7	116.55
194	178	1019	205	7	181.37
195	260	1004	206	1	19.04
196	96	1011	204	3	86.58
197	162	1010	207	9	271.62
198	276	1016	206	8	43.12
199	280	1009	204	4	132.36
200	249	1007	205	6	46.44
201	355	1012	205	9	80.55
202	184	1013	203	1	4.36
203	357	1002	204	2	14.40
204	297	1016	206	6	32.34
205	164	1009	207	4	132.36
206	245	1003	201	1	16.65
207	344	1009	206	2	66.18
208	168	1020	203	2	17.22
209	306	1004	210	2	38.08
210	331	1014	204	4	69.52
211	66	1014	210	6	104.28
212	293	1004	201	2	38.08
213	104	1017	206	8	116.24
214	60	1015	209	9	121.05
215	273	1005	205	5	15.45
216	93	1006	206	4	90.80
217	108	1017	202	2	29.06
218	196	1012	201	6	53.70
219	205	1017	201	7	101.71
220	1	1004	203	8	152.32
221	296	1015	207	9	121.05
222	168	1018	201	3	10.89
223	14	1007	209	8	61.92
224	260	1011	209	3	86.58
225	294	1011	206	8	230.88
226	274	1009	209	6	198.54
227	328	1012	206	1	8.95
228	155	1006	204	8	181.60
229	250	1004	204	5	95.20
230	222	1010	202	7	211.26
231	134	1017	201	9	130.77
232	46	1007	210	8	61.92
233	134	1017	201	8	116.24
234	80	1015	202	1	13.45
235	348	1010	204	3	90.54
236	327	1006	204	8	181.60
237	107	1017	205	1	14.53
238	339	1004	209	5	95.20
239	365	1020	202	2	17.22
240	333	1020	208	8	68.88
241	100	1012	207	8	71.60
242	239	1017	205	5	72.65
243	214	1014	205	2	34.76
244	286	1014	205	2	34.76
245	205	1013	210	8	34.88
246	31	1015	204	3	40.35
247	138	1012	204	2	17.90
248	20	1003	206	4	66.60
249	62	1008	207	8	38.08
250	227	1003	209	1	16.65
251	2	1005	201	6	18.54
252	185	1005	203	6	18.54
253	197	1019	209	6	155.46
254	73	1012	204	7	62.65
255	180	1006	203	4	90.80
256	287	1017	209	1	14.53
257	241	1013	208	6	26.16
258	237	1019	204	7	181.37
259	90	1003	208	2	33.30
260	90	1006	205	8	181.60
261	192	1008	202	8	38.08
262	337	1012	203	1	8.95
263	117	1003	209	9	149.85
264	231	1003	207	3	49.95
265	205	1018	207	6	21.78
266	330	1003	207	9	149.85
267	136	1001	205	7	179.27
268	64	1004	208	2	38.08
269	182	1020	207	7	60.27
270	292	1011	205	2	57.72
271	151	1011	203	2	57.72
272	156	1003	207	2	33.30
273	18	1018	209	7	25.41
274	187	1004	210	7	133.28
275	309	1012	205	7	62.65
276	93	1013	206	3	13.08
277	185	1011	202	4	115.44
278	358	1004	207	3	57.12
279	262	1007	203	5	38.70
280	63	1009	207	5	165.45
281	59	1006	202	1	22.70
282	122	1001	208	2	51.22
283	107	1009	201	5	165.45
284	211	1003	209	1	16.65
285	107	1013	209	8	34.88
286	215	1008	204	9	42.84
287	331	1011	203	4	115.44
288	186	1009	209	9	297.81
289	223	1003	205	5	83.25
290	207	1016	206	4	21.56
291	165	1016	206	3	16.17
292	211	1002	206	6	43.20
293	80	1012	209	6	53.70
294	352	1011	207	6	173.16
295	127	1003	208	4	66.60
296	113	1009	203	1	33.09
297	76	1003	206	9	149.85
298	335	1001	207	1	25.61
299	278	1016	209	8	43.12
300	255	1016	207	2	10.78
301	249	1007	207	6	46.44
302	280	1017	208	1	14.53
303	296	1004	203	4	76.16
304	79	1016	209	8	43.12
305	330	1007	208	8	61.92
306	17	1007	208	3	23.22
307	127	1004	201	3	57.12
308	237	1017	202	7	101.71
309	29	1001	203	4	102.44
310	343	1015	203	1	13.45
311	227	1008	206	5	23.80
312	108	1008	210	5	23.80
313	315	1010	204	8	241.44
314	211	1013	210	3	13.08
315	197	1018	201	6	21.78
316	200	1011	203	1	28.86
317	363	1016	203	9	48.51
318	146	1002	202	9	64.80
319	178	1014	209	4	69.52
320	223	1006	201	8	181.60
321	238	1001	203	4	102.44
322	306	1013	201	9	39.24
323	334	1017	208	6	87.18
324	65	1012	209	7	62.65
325	349	1018	208	5	18.15
326	299	1013	202	6	26.16
327	18	1014	208	6	104.28
328	142	1008	202	3	14.28
329	280	1006	203	3	68.10
330	301	1006	210	9	204.30
331	74	1009	201	1	33.09
332	151	1014	208	2	34.76
333	37	1014	205	7	121.66
334	142	1013	202	6	26.16
335	24	1014	203	5	86.90
336	111	1010	209	1	30.18
337	293	1008	202	4	19.04
338	51	1016	201	5	26.95
339	206	1005	209	9	27.81
340	230	1007	204	4	30.96
341	128	1002	204	2	14.40
342	108	1015	209	5	67.25
343	167	1015	204	6	80.70
344	63	1001	207	6	153.66
345	113	1020	210	2	17.22
346	266	1007	207	2	15.48
347	287	1015	204	5	67.25
348	25	1019	210	4	103.64
349	322	1016	204	1	5.39
350	193	1007	204	9	69.66
351	136	1011	209	5	144.30
352	352	1014	203	5	86.90
353	12	1018	203	1	3.63
354	141	1006	208	7	158.90
355	246	1002	209	3	21.60
356	54	1001	208	5	128.05
357	229	1016	208	9	48.51
358	139	1011	208	7	202.02
359	28	1011	201	1	28.86
360	340	1011	203	7	202.02
361	146	1009	207	7	231.63
362	193	1019	203	6	155.46
363	92	1009	202	1	33.09
364	268	1016	206	5	26.95
365	80	1008	201	6	28.56
366	197	1016	210	6	32.34
367	305	1007	204	7	54.18
368	115	1020	203	5	43.05
369	287	1005	209	4	12.36
370	29	1001	208	2	51.22
371	181	1005	204	9	27.81
372	361	1016	202	4	21.56
373	42	1015	208	2	26.90
374	28	1007	201	8	61.92
375	188	1005	201	7	21.63
376	240	1013	208	1	4.36
377	203	1017	209	9	130.77
378	250	1012	204	1	8.95
379	357	1016	203	1	5.39
380	10	1005	206	4	12.36
381	110	1009	204	2	66.18
382	46	1020	202	2	17.22
383	340	1013	203	8	34.88
384	23	1016	201	2	10.78
385	121	1017	203	6	87.18
386	242	1006	201	3	68.10
387	78	1011	210	9	259.74
388	13	1013	209	6	26.16
389	47	1012	205	5	44.75
390	48	1011	210	8	230.88
391	172	1017	210	5	72.65
392	122	1018	208	4	14.52
393	47	1009	207	6	198.54
394	247	1011	206	9	259.74
395	60	1003	206	9	149.85
396	184	1020	207	4	34.44
397	177	1012	209	6	53.70
398	326	1018	208	3	10.89
399	82	1016	210	3	16.17
400	356	1011	206	6	173.16
401	252	1010	203	4	120.72
402	232	1016	209	7	37.73
403	312	1018	204	9	32.67
404	287	1016	207	2	10.78
405	241	1018	203	7	25.41
406	283	1010	201	2	60.36
407	300	1012	203	3	26.85
408	47	1001	201	9	230.49
409	115	1011	202	7	202.02
410	6	1018	208	6	21.78
411	336	1005	203	4	12.36
412	62	1007	205	4	30.96
413	69	1007	207	1	7.74
414	8	1011	206	8	230.88
415	37	1011	205	5	144.30
416	234	1004	205	8	152.32
417	265	1015	201	7	94.15
418	196	1016	205	8	43.12
419	324	1014	209	2	34.76
420	192	1006	205	2	45.40
421	278	1006	205	8	181.60
422	286	1018	210	6	21.78
423	276	1010	201	8	241.44
424	359	1019	209	3	77.73
425	173	1008	207	2	9.52
426	356	1010	208	2	60.36
427	99	1004	204	6	114.24
428	322	1005	205	1	3.09
429	22	1004	208	7	133.28
430	216	1009	209	7	231.63
431	219	1007	202	1	7.74
432	239	1010	210	7	211.26
433	6	1011	207	1	28.86
434	258	1012	201	1	8.95
435	297	1016	210	6	32.34
436	45	1006	209	9	204.30
437	126	1008	206	2	9.52
438	199	1009	205	8	264.72
439	276	1005	203	7	21.63
440	122	1013	204	8	34.88
441	192	1019	202	6	155.46
442	167	1006	209	7	158.90
443	315	1015	202	6	80.70
444	32	1012	209	4	35.80
445	131	1018	209	8	29.04
446	57	1010	205	2	60.36
447	57	1007	203	6	46.44
448	90	1015	210	5	67.25
449	173	1007	204	8	61.92
450	126	1003	207	7	116.55
451	161	1018	207	4	14.52
452	345	1020	205	5	43.05
453	347	1020	203	2	17.22
454	237	1007	209	9	69.66
455	365	1007	209	2	15.48
456	152	1009	205	5	165.45
457	191	1013	205	4	17.44
458	108	1002	210	7	50.40
459	156	1001	201	7	179.27
460	146	1013	206	9	39.24
461	217	1007	207	6	46.44
462	154	1012	203	5	44.75
463	67	1011	206	9	259.74
464	364	1015	203	1	13.45
465	365	1011	202	8	230.88
466	241	1005	208	5	15.45
467	119	1012	208	6	53.70
468	353	1005	206	4	12.36
469	265	1014	202	3	52.14
470	241	1012	202	6	53.70
471	341	1014	202	9	156.42
472	31	1019	205	6	155.46
473	15	1012	202	7	62.65
474	150	1012	208	2	17.90
475	135	1003	202	5	83.25
476	191	1013	207	6	26.16
477	275	1018	205	3	10.89
478	153	1003	201	2	33.30
479	286	1003	209	6	99.90
480	32	1020	202	2	17.22
481	317	1010	205	1	30.18
482	352	1010	207	4	120.72
483	211	1015	201	9	121.05
484	266	1010	205	9	271.62
485	46	1017	209	4	58.12
486	281	1020	202	4	34.44
487	77	1001	209	5	128.05
488	250	1016	210	7	37.73
489	111	1011	207	9	259.74
490	91	1003	210	4	66.60
491	295	1010	209	3	90.54
492	269	1011	202	6	173.16
493	312	1010	204	7	211.26
494	103	1007	206	9	69.66
495	23	1014	207	3	52.14
496	58	1001	205	4	102.44
497	39	1011	202	6	173.16
498	6	1020	208	7	60.27
499	323	1003	201	7	116.55
500	338	1004	201	8	152.32
501	298	1006	208	3	68.10
502	5	1001	207	1	25.61
503	68	1015	202	4	53.80
504	236	1010	207	3	90.54
505	35	1018	209	7	25.41
506	272	1018	204	7	25.41
507	295	1005	209	9	27.81
508	341	1009	207	8	264.72
509	10	1008	206	3	14.28
510	57	1003	203	3	49.95
511	315	1015	202	3	40.35
512	168	1003	210	8	133.20
513	330	1015	202	8	107.60
514	310	1010	207	5	150.90
515	182	1003	206	5	83.25
516	252	1019	204	8	207.28
517	118	1020	210	6	51.66
518	205	1014	206	5	86.90
519	342	1003	201	1	16.65
520	33	1009	208	8	264.72
521	148	1012	205	7	62.65
522	72	1015	207	9	121.05
523	291	1004	201	8	152.32
524	239	1010	204	1	30.18
525	67	1019	203	2	51.82
526	298	1011	208	2	57.72
527	52	1008	208	2	9.52
528	72	1001	203	8	204.88
529	221	1007	207	3	23.22
530	319	1018	203	7	25.41
531	88	1014	201	6	104.28
532	178	1018	205	3	10.89
533	166	1013	206	2	8.72
534	37	1012	210	4	35.80
535	347	1007	202	7	54.18
536	85	1001	206	7	179.27
537	8	1013	201	9	39.24
538	353	1017	205	8	116.24
539	199	1014	207	6	104.28
540	131	1008	203	1	4.76
541	337	1012	209	4	35.80
542	40	1013	205	2	8.72
543	279	1002	205	2	14.40
544	319	1015	202	4	53.80
545	101	1009	203	3	99.27
546	288	1005	208	2	6.18
547	218	1006	204	1	22.70
548	71	1019	203	9	233.19
549	352	1010	203	3	90.54
550	334	1020	209	9	77.49
551	313	1020	201	1	8.61
552	59	1009	206	5	165.45
553	130	1005	209	8	24.72
554	31	1001	204	2	51.22
555	218	1002	207	4	28.80
556	221	1016	209	6	32.34
557	85	1017	203	1	14.53
558	221	1013	203	6	26.16
559	39	1013	208	7	30.52
560	339	1020	205	6	51.66
561	352	1020	208	8	68.88
562	143	1009	208	6	198.54
563	209	1008	206	3	14.28
564	99	1010	204	9	271.62
565	335	1012	205	9	80.55
566	31	1012	204	6	53.70
567	311	1008	206	8	38.08
568	345	1013	206	3	13.08
569	135	1010	204	9	271.62
570	281	1011	205	4	115.44
571	9	1007	210	7	54.18
572	135	1008	206	6	28.56
573	112	1019	203	1	25.91
574	43	1020	203	9	77.49
575	241	1014	208	9	156.42
576	298	1013	208	7	30.52
577	360	1011	205	8	230.88
578	107	1001	208	5	128.05
579	240	1015	208	7	94.15
580	314	1015	201	3	40.35
581	236	1006	210	6	136.20
582	154	1009	210	7	231.63
583	96	1018	208	9	32.67
584	84	1004	203	4	76.16
585	229	1020	204	9	77.49
586	4	1007	204	9	69.66
587	267	1019	208	5	129.55
588	269	1017	201	5	72.65
589	224	1008	202	7	33.32
590	152	1014	208	2	34.76
591	180	1002	210	3	21.60
592	301	1011	203	3	86.58
593	47	1002	208	9	64.80
594	294	1006	205	5	113.50
595	233	1003	206	5	83.25
596	3	1011	201	1	28.86
597	155	1006	203	3	68.10
598	268	1004	208	9	171.36
599	330	1002	205	5	36.00
600	13	1009	201	5	165.45
601	45	1002	207	6	43.20
602	21	1014	203	2	34.76
603	266	1016	206	2	10.78
604	166	1006	210	8	181.60
605	179	1012	204	1	8.95
606	278	1003	202	5	83.25
607	121	1006	210	3	68.10
608	213	1013	202	5	21.80
609	159	1002	204	3	21.60
610	248	1007	204	3	23.22
611	323	1020	201	1	8.61
612	178	1018	210	9	32.67
613	66	1003	210	2	33.30
614	25	1019	205	1	25.91
615	360	1014	209	6	104.28
616	348	1004	203	3	57.12
617	96	1002	203	5	36.00
618	299	1001	204	1	25.61
619	35	1008	202	3	14.28
620	151	1010	202	2	60.36
621	358	1001	210	3	76.83
622	19	1016	203	7	37.73
623	262	1004	209	6	114.24
624	106	1009	202	2	66.18
625	88	1009	201	7	231.63
626	261	1009	206	1	33.09
627	150	1018	209	6	21.78
628	355	1017	207	6	87.18
629	148	1015	202	6	80.70
630	292	1019	204	6	155.46
631	67	1017	202	8	116.24
632	174	1009	203	3	99.27
633	112	1010	209	3	90.54
634	274	1018	210	4	14.52
635	33	1004	202	7	133.28
636	77	1014	209	1	17.38
637	60	1018	204	1	3.63
638	200	1015	208	3	40.35
639	32	1016	210	5	26.95
640	324	1020	204	9	77.49
641	185	1005	208	8	24.72
642	283	1012	206	3	26.85
643	21	1002	209	7	50.40
644	272	1020	210	8	68.88
645	46	1009	202	1	33.09
646	115	1013	210	3	13.08
647	265	1020	204	8	68.88
648	129	1002	205	7	50.40
649	205	1008	209	3	14.28
650	65	1011	210	3	86.58
651	143	1017	202	6	87.18
652	103	1013	204	7	30.52
653	216	1007	208	4	30.96
654	160	1004	202	4	76.16
655	47	1017	207	9	130.77
656	343	1017	204	8	116.24
657	256	1015	205	1	13.45
658	311	1019	208	2	51.82
659	2	1014	210	6	104.28
660	33	1007	201	7	54.18
661	136	1009	206	5	165.45
662	158	1008	203	7	33.32
663	100	1011	207	4	115.44
664	27	1013	204	5	21.80
665	113	1013	205	7	30.52
666	338	1010	206	4	120.72
667	244	1014	202	2	34.76
668	354	1019	206	3	77.73
669	171	1013	204	1	4.36
670	191	1018	201	8	29.04
671	202	1019	210	6	155.46
672	5	1016	203	8	43.12
673	151	1008	204	1	4.76
674	230	1003	205	9	149.85
675	318	1019	205	3	77.73
676	250	1003	206	8	133.20
677	226	1009	206	5	165.45
678	120	1010	202	4	120.72
679	339	1001	208	8	204.88
680	51	1002	202	2	14.40
681	326	1003	204	7	116.55
682	258	1006	210	4	90.80
683	359	1016	205	7	37.73
684	187	1003	202	4	66.60
685	274	1003	204	8	133.20
686	149	1002	209	5	36.00
687	145	1005	210	9	27.81
688	238	1003	207	5	83.25
689	13	1020	201	1	8.61
690	187	1009	207	8	264.72
691	181	1011	206	1	28.86
692	56	1020	205	2	17.22
693	139	1017	207	5	72.65
694	173	1010	207	5	150.90
695	143	1004	207	9	171.36
696	22	1015	203	9	121.05
697	222	1009	210	2	66.18
698	222	1011	210	8	230.88
699	252	1002	209	7	50.40
700	231	1018	205	4	14.52
701	61	1009	203	3	99.27
702	169	1019	207	6	155.46
703	337	1004	201	6	114.24
704	71	1007	205	6	46.44
705	10	1003	204	7	116.55
706	245	1010	203	7	211.26
707	276	1017	202	4	58.12
708	54	1016	207	9	48.51
709	127	1004	203	8	152.32
710	75	1002	203	9	64.80
711	103	1007	205	4	30.96
712	236	1014	206	8	139.04
713	347	1011	203	3	86.58
714	138	1005	206	2	6.18
715	37	1017	203	2	29.06
716	304	1001	207	1	25.61
717	13	1009	202	2	66.18
718	204	1003	206	3	49.95
719	158	1018	206	8	29.04
720	162	1011	201	3	86.58
721	220	1016	210	9	48.51
722	332	1001	209	2	51.22
723	329	1004	205	1	19.04
724	203	1004	201	6	114.24
725	48	1019	205	7	181.37
726	128	1001	205	7	179.27
727	57	1009	202	8	264.72
728	197	1001	204	9	230.49
729	201	1015	206	7	94.15
730	265	1007	209	2	15.48
731	4	1019	206	5	129.55
732	299	1015	208	5	67.25
733	347	1014	208	9	156.42
734	335	1016	209	5	26.95
735	304	1019	203	9	233.19
736	52	1016	209	5	26.95
737	307	1020	209	1	8.61
738	46	1019	204	5	129.55
739	102	1012	207	5	44.75
740	211	1001	209	5	128.05
741	46	1012	203	9	80.55
742	129	1017	202	9	130.77
743	18	1005	206	5	15.45
744	20	1009	207	2	66.18
745	268	1009	203	4	132.36
746	61	1005	204	5	15.45
747	48	1001	206	8	204.88
748	55	1012	205	6	53.70
749	339	1005	207	3	9.27
750	40	1006	207	3	68.10
751	13	1009	210	6	198.54
752	264	1004	205	9	171.36
753	351	1019	206	9	233.19
754	124	1011	205	5	144.30
755	353	1011	210	4	115.44
756	132	1009	203	3	99.27
757	281	1010	204	4	120.72
758	215	1014	209	5	86.90
759	119	1003	205	6	99.90
760	165	1014	206	6	104.28
761	165	1016	205	5	26.95
762	316	1006	208	7	158.90
763	145	1004	208	9	171.36
764	183	1005	205	8	24.72
765	168	1006	204	1	22.70
766	240	1018	209	9	32.67
767	221	1017	201	8	116.24
768	291	1004	203	6	114.24
769	318	1012	202	8	71.60
770	57	1018	203	3	10.89
771	353	1008	204	4	19.04
772	180	1014	210	3	52.14
773	336	1016	209	5	26.95
774	189	1009	210	9	297.81
775	93	1007	206	9	69.66
776	132	1019	207	6	155.46
777	21	1018	209	7	25.41
778	277	1001	208	9	230.49
779	37	1017	209	2	29.06
780	152	1011	205	8	230.88
781	267	1015	210	7	94.15
782	158	1020	209	8	68.88
783	240	1020	204	1	8.61
784	263	1020	202	8	68.88
785	69	1015	203	6	80.70
786	112	1010	202	4	120.72
787	251	1015	204	6	80.70
788	266	1009	208	3	99.27
789	91	1009	208	7	231.63
790	186	1001	209	1	25.61
791	2	1005	209	9	27.81
792	107	1004	203	7	133.28
793	295	1009	204	9	297.81
794	164	1004	208	8	152.32
795	253	1012	206	7	62.65
796	69	1007	209	7	54.18
797	350	1002	208	1	7.20
798	293	1012	205	9	80.55
799	322	1006	203	8	181.60
800	137	1018	202	8	29.04
801	183	1008	208	7	33.32
802	207	1017	209	6	87.18
803	94	1013	201	8	34.88
804	311	1008	210	7	33.32
805	296	1015	207	3	40.35
806	134	1008	208	1	4.76
807	176	1006	205	5	113.50
808	68	1012	209	9	80.55
809	346	1007	201	5	38.70
810	49	1006	207	5	113.50
811	168	1006	204	9	204.30
812	52	1004	205	3	57.12
813	4	1013	205	5	21.80
814	211	1012	208	3	26.85
815	30	1007	205	3	23.22
816	257	1015	205	4	53.80
817	4	1013	206	4	17.44
818	218	1013	201	3	13.08
819	356	1019	201	4	103.64
820	317	1019	201	8	207.28
821	122	1017	203	2	29.06
822	357	1017	210	7	101.71
823	239	1007	207	1	7.74
824	256	1008	204	8	38.08
825	282	1019	208	3	77.73
826	293	1008	207	9	42.84
827	288	1018	207	6	21.78
828	214	1015	201	9	121.05
829	325	1011	205	2	57.72
830	86	1007	208	9	69.66
831	270	1015	208	5	67.25
832	231	1017	203	6	87.18
833	273	1003	207	8	133.20
834	121	1005	204	3	9.27
835	351	1004	203	1	19.04
836	264	1008	205	9	42.84
837	200	1003	206	3	49.95
838	211	1016	208	1	5.39
839	46	1006	204	3	68.10
840	68	1012	205	2	17.90
841	235	1002	208	7	50.40
842	177	1002	204	5	36.00
843	126	1011	205	5	144.30
844	123	1007	204	7	54.18
845	48	1020	205	5	43.05
846	44	1004	201	2	38.08
847	224	1020	207	1	8.61
848	240	1014	203	9	156.42
849	350	1008	208	6	28.56
850	250	1001	208	3	76.83
851	214	1016	206	8	43.12
852	201	1005	201	6	18.54
853	86	1010	203	3	90.54
854	68	1019	207	6	155.46
855	165	1006	204	7	158.90
856	117	1020	205	9	77.49
857	180	1018	206	7	25.41
858	251	1002	203	8	57.60
859	281	1016	203	3	16.17
860	64	1007	203	4	30.96
861	110	1012	202	6	53.70
862	288	1008	204	4	19.04
863	194	1003	204	9	149.85
864	265	1017	208	2	29.06
865	292	1009	208	4	132.36
866	4	1002	205	8	57.60
867	75	1012	206	3	26.85
868	210	1015	204	9	121.05
869	265	1019	206	8	207.28
870	113	1003	204	2	33.30
871	25	1016	207	5	26.95
872	313	1012	206	3	26.85
873	253	1016	209	9	48.51
874	115	1010	204	8	241.44
875	88	1008	210	6	28.56
876	148	1003	201	2	33.30
877	203	1014	202	9	156.42
878	115	1003	201	5	83.25
879	146	1016	207	5	26.95
880	84	1008	203	5	23.80
881	257	1019	208	7	181.37
882	223	1015	206	3	40.35
883	131	1003	203	1	16.65
884	94	1006	206	1	22.70
885	5	1019	209	8	207.28
886	61	1006	205	6	136.20
887	167	1014	205	3	52.14
888	62	1001	203	4	102.44
889	362	1002	205	5	36.00
890	296	1003	201	7	116.55
891	263	1008	204	5	23.80
892	253	1010	203	9	271.62
893	273	1003	209	8	133.20
894	58	1012	206	3	26.85
895	252	1006	207	7	158.90
896	318	1010	202	3	90.54
897	350	1016	202	7	37.73
898	341	1019	209	2	51.82
899	333	1013	208	3	13.08
900	225	1005	203	1	3.09
901	74	1014	201	7	121.66
902	145	1016	208	5	26.95
903	305	1001	210	4	102.44
904	234	1001	204	9	230.49
905	215	1005	205	8	24.72
906	146	1014	201	2	34.76
907	255	1018	206	5	18.15
908	97	1020	205	5	43.05
909	256	1011	206	9	259.74
910	34	1013	207	3	13.08
911	142	1020	201	4	34.44
912	45	1008	205	3	14.28
913	117	1012	206	5	44.75
914	135	1005	204	5	15.45
915	209	1006	205	2	45.40
916	272	1017	203	5	72.65
917	363	1009	209	4	132.36
918	264	1015	203	4	53.80
919	63	1006	210	9	204.30
920	98	1005	204	7	21.63
921	330	1020	202	4	34.44
922	30	1013	206	3	13.08
923	224	1020	208	4	34.44
924	251	1010	207	5	150.90
925	278	1017	208	9	130.77
926	209	1005	210	4	12.36
927	158	1017	203	5	72.65
928	188	1004	210	1	19.04
929	254	1012	205	1	8.95
930	84	1010	205	4	120.72
931	227	1002	210	1	7.20
932	145	1003	206	8	133.20
933	217	1015	209	7	94.15
934	272	1001	204	6	153.66
935	49	1014	209	4	69.52
936	88	1009	208	3	99.27
937	364	1014	208	3	52.14
938	355	1010	209	4	120.72
939	344	1008	207	3	14.28
940	256	1012	202	5	44.75
941	322	1010	209	7	211.26
942	133	1002	201	3	21.60
943	272	1003	208	3	49.95
944	97	1012	205	3	26.85
945	305	1004	206	3	57.12
946	139	1016	205	2	10.78
947	1	1019	208	7	181.37
948	223	1012	202	7	62.65
949	24	1019	208	9	233.19
950	218	1005	208	7	21.63
951	99	1019	208	2	51.82
952	71	1007	210	2	15.48
953	22	1016	207	1	5.39
954	290	1003	201	6	99.90
955	134	1007	210	1	7.74
956	153	1017	209	3	43.59
957	234	1010	208	3	90.54
958	97	1013	202	2	8.72
959	203	1018	203	3	10.89
960	80	1003	201	6	99.90
961	36	1020	209	3	25.83
962	117	1012	210	1	8.95
963	18	1008	208	8	38.08
964	4	1002	205	4	28.80
965	262	1001	203	1	25.61
966	147	1017	203	6	87.18
967	26	1005	203	9	27.81
968	253	1015	208	4	53.80
969	162	1010	208	3	90.54
970	97	1008	210	2	9.52
971	177	1012	201	4	35.80
972	140	1007	207	7	54.18
973	15	1002	202	5	36.00
974	269	1012	207	6	53.70
975	349	1010	201	4	120.72
976	140	1012	208	6	53.70
977	121	1004	206	2	38.08
978	29	1015	203	9	121.05
979	241	1004	202	4	76.16
980	165	1008	201	7	33.32
981	314	1009	210	4	132.36
982	185	1016	208	4	21.56
983	217	1011	202	3	86.58
984	192	1008	210	3	14.28
985	277	1014	205	4	69.52
986	354	1001	210	8	204.88
987	358	1016	206	2	10.78
988	76	1009	203	5	165.45
989	170	1016	201	4	21.56
990	183	1005	204	3	9.27
991	225	1006	209	4	90.80
992	41	1010	208	9	271.62
993	64	1011	206	3	86.58
994	182	1013	208	3	13.08
995	306	1010	206	8	241.44
996	43	1014	209	5	86.90
997	95	1002	206	6	43.20
998	93	1011	208	4	115.44
999	57	1005	201	1	3.09
1000	311	1019	204	6	155.46
1001	156	1007	205	1	7.74
1002	93	1008	208	2	9.52
1003	242	1014	201	6	104.28
1004	283	1019	201	3	77.73
1005	223	1013	201	1	4.36
1006	353	1010	205	5	150.90
1007	197	1018	209	5	18.15
1008	166	1006	202	8	181.60
1009	247	1012	209	5	44.75
1010	50	1004	207	2	38.08
1011	255	1013	210	1	4.36
1012	322	1001	209	8	204.88
1013	3	1015	204	3	40.35
1014	105	1020	202	6	51.66
1015	119	1013	209	8	34.88
1016	74	1004	204	1	19.04
1017	182	1009	208	7	231.63
1018	262	1010	210	3	90.54
1019	328	1015	210	7	94.15
1020	169	1014	209	3	52.14
1021	56	1002	202	3	21.60
1022	354	1014	202	1	17.38
1023	305	1014	201	1	17.38
1024	213	1008	206	6	28.56
1025	11	1010	206	2	60.36
1026	175	1002	206	6	43.20
1027	318	1008	205	1	4.76
1028	304	1016	209	3	16.17
1029	177	1003	206	8	133.20
1030	3	1011	204	7	202.02
1031	158	1017	201	7	101.71
1032	245	1010	207	2	60.36
1033	261	1009	201	1	33.09
1034	81	1011	204	1	28.86
1035	258	1007	206	7	54.18
1036	361	1003	206	4	66.60
1037	202	1004	210	7	133.28
1038	91	1019	209	4	103.64
1039	36	1014	205	1	17.38
1040	60	1017	202	8	116.24
1041	140	1012	208	1	8.95
1042	302	1001	201	1	25.61
1043	341	1010	205	8	241.44
1044	222	1001	210	5	128.05
1045	273	1012	208	4	35.80
1046	106	1014	203	8	139.04
1047	47	1004	205	4	76.16
1048	236	1015	207	1	13.45
1049	43	1013	204	9	39.24
1050	357	1001	205	2	51.22
1051	156	1018	209	2	7.26
1052	271	1007	202	4	30.96
1053	333	1016	201	2	10.78
1054	216	1001	204	6	153.66
1055	98	1006	205	4	90.80
1056	236	1016	210	1	5.39
1057	355	1018	204	4	14.52
1058	242	1003	206	3	49.95
1059	11	1004	203	2	38.08
1060	109	1012	203	3	26.85
1061	69	1005	208	6	18.54
1062	269	1004	204	9	171.36
1063	33	1010	203	1	30.18
1064	187	1006	202	6	136.20
1065	150	1016	202	1	5.39
1066	167	1016	205	2	10.78
1067	94	1018	202	4	14.52
1068	48	1011	201	4	115.44
1069	25	1011	208	8	230.88
1070	364	1007	209	5	38.70
1071	269	1008	202	5	23.80
1072	112	1002	201	7	50.40
1073	15	1016	205	4	21.56
1074	201	1004	205	2	38.08
1075	98	1005	205	4	12.36
1076	267	1011	206	4	115.44
1077	261	1016	201	4	21.56
1078	115	1007	201	1	7.74
1079	32	1017	206	3	43.59
1080	68	1009	209	7	231.63
1081	3	1004	202	9	171.36
1082	141	1004	210	8	152.32
1083	321	1008	210	4	19.04
1084	113	1013	204	4	17.44
1085	338	1015	210	4	53.80
1086	122	1012	204	2	17.90
1087	313	1017	209	2	29.06
1088	203	1014	208	5	86.90
1089	64	1004	210	9	171.36
1090	18	1013	202	3	13.08
1091	75	1005	203	3	9.27
1092	109	1006	209	1	22.70
1093	43	1019	201	8	207.28
1094	247	1010	204	6	181.08
1095	67	1019	204	4	103.64
1096	203	1001	207	4	102.44
1097	117	1012	208	2	17.90
1098	82	1010	205	3	90.54
1099	250	1017	204	9	130.77
1100	176	1010	202	4	120.72
1101	310	1012	204	2	17.90
1102	58	1008	207	3	14.28
1103	363	1004	206	5	95.20
1104	338	1020	203	3	25.83
1105	254	1013	202	8	34.88
1106	214	1020	202	3	25.83
1107	58	1015	203	4	53.80
1108	123	1009	201	1	33.09
1109	59	1008	203	1	4.76
1110	95	1007	207	9	69.66
1111	284	1015	207	8	107.60
1112	107	1017	210	9	130.77
1113	253	1020	210	3	25.83
1114	4	1016	205	5	26.95
1115	349	1008	207	4	19.04
1116	92	1010	203	9	271.62
1117	209	1018	205	4	14.52
1118	88	1005	206	7	21.63
1119	308	1005	208	2	6.18
1120	170	1001	203	6	153.66
1121	204	1010	203	4	120.72
1122	323	1011	210	5	144.30
1123	130	1020	201	1	8.61
1124	229	1011	210	5	144.30
1125	223	1010	207	8	241.44
1126	107	1011	209	2	57.72
1127	26	1007	210	2	15.48
1128	246	1001	204	7	179.27
1129	4	1003	210	6	99.90
1130	119	1018	207	4	14.52
1131	82	1015	206	2	26.90
1132	342	1001	201	6	153.66
1133	45	1007	203	6	46.44
1134	322	1006	205	8	181.60
1135	113	1017	208	7	101.71
1136	147	1007	201	6	46.44
1137	141	1008	208	5	23.80
1138	214	1005	203	4	12.36
1139	307	1003	205	2	33.30
1140	86	1007	205	6	46.44
1141	288	1018	210	3	10.89
1142	222	1002	209	5	36.00
1143	47	1011	206	5	144.30
1144	349	1017	207	3	43.59
1145	364	1007	206	6	46.44
1146	116	1013	209	4	17.44
1147	58	1017	201	2	29.06
1148	44	1009	209	1	33.09
1149	55	1006	207	3	68.10
1150	304	1003	206	8	133.20
1151	244	1003	209	8	133.20
1152	14	1004	201	7	133.28
1153	336	1020	204	7	60.27
1154	175	1001	204	2	51.22
1155	203	1020	206	1	8.61
1156	350	1003	203	3	49.95
1157	346	1005	210	3	9.27
1158	307	1003	208	2	33.30
1159	326	1018	201	8	29.04
1160	340	1006	202	5	113.50
1161	74	1015	210	4	53.80
1162	46	1014	205	3	52.14
1163	350	1001	208	4	102.44
1164	281	1011	206	3	86.58
1165	291	1005	203	5	15.45
1166	349	1012	201	7	62.65
1167	200	1006	209	9	204.30
1168	362	1020	206	1	8.61
1169	116	1020	205	5	43.05
1170	12	1015	201	6	80.70
1171	41	1003	201	8	133.20
1172	195	1014	207	6	104.28
1173	23	1019	209	5	129.55
1174	309	1013	205	2	8.72
1175	168	1012	210	5	44.75
1176	264	1012	208	1	8.95
1177	323	1005	208	6	18.54
1178	279	1013	208	4	17.44
1179	38	1016	206	9	48.51
1180	312	1014	202	9	156.42
1181	344	1011	209	2	57.72
1182	342	1013	206	9	39.24
1183	295	1008	208	5	23.80
1184	9	1015	204	8	107.60
1185	46	1020	210	1	8.61
1186	2	1010	201	2	60.36
1187	145	1016	202	5	26.95
1188	167	1012	206	7	62.65
1189	167	1016	207	8	43.12
1190	255	1019	208	8	207.28
1191	326	1007	201	9	69.66
1192	322	1001	201	4	102.44
1193	77	1010	204	6	181.08
1194	244	1003	204	2	33.30
1195	303	1014	204	1	17.38
1196	208	1014	210	5	86.90
1197	155	1013	201	3	13.08
1198	74	1013	206	6	26.16
1199	303	1016	209	9	48.51
1200	216	1007	210	4	30.96
1201	310	1016	205	7	37.73
1202	297	1001	203	8	204.88
1203	43	1013	203	6	26.16
1204	151	1020	203	7	60.27
1205	297	1013	203	8	34.88
1206	9	1017	201	1	14.53
1207	196	1014	205	7	121.66
1208	205	1004	202	8	152.32
1209	335	1006	207	7	158.90
1210	18	1018	209	4	14.52
1211	98	1008	208	1	4.76
1212	50	1004	205	6	114.24
1213	332	1006	206	2	45.40
1214	274	1017	202	1	14.53
1215	48	1002	205	3	21.60
1216	205	1001	201	4	102.44
1217	56	1017	205	3	43.59
1218	239	1008	202	9	42.84
1219	6	1016	209	6	32.34
1220	305	1001	205	6	153.66
1221	249	1004	210	9	171.36
1222	252	1001	202	5	128.05
1223	114	1009	208	6	198.54
1224	139	1013	210	6	26.16
1225	123	1010	201	4	120.72
1226	130	1015	207	2	26.90
1227	337	1015	204	7	94.15
1228	360	1001	206	9	230.49
1229	240	1018	202	8	29.04
1230	326	1006	208	6	136.20
1231	148	1020	210	1	8.61
1232	202	1006	202	4	90.80
1233	41	1012	207	1	8.95
1234	357	1005	206	6	18.54
1235	8	1017	208	7	101.71
1236	316	1008	201	5	23.80
1237	36	1006	205	6	136.20
1238	172	1017	208	9	130.77
1239	7	1015	208	9	121.05
1240	81	1009	208	6	198.54
1241	168	1017	207	7	101.71
1242	246	1008	202	7	33.32
1243	257	1019	210	9	233.19
1244	8	1019	204	7	181.37
1245	307	1013	206	6	26.16
1246	121	1007	210	6	46.44
1247	7	1001	202	7	179.27
1248	193	1015	207	7	94.15
1249	298	1006	201	9	204.30
1250	300	1002	207	2	14.40
1251	78	1010	204	1	30.18
1252	365	1019	203	1	25.91
1253	11	1008	206	6	28.56
1254	97	1003	206	9	149.85
1255	64	1019	207	4	103.64
1256	126	1003	208	8	133.20
1257	107	1014	209	1	17.38
1258	194	1007	207	4	30.96
1259	92	1006	202	7	158.90
1260	42	1020	207	1	8.61
1261	144	1005	203	8	24.72
1262	192	1005	209	4	12.36
1263	295	1018	204	4	14.52
1264	188	1009	203	7	231.63
1265	358	1016	210	3	16.17
1266	319	1004	202	7	133.28
1267	299	1008	203	4	19.04
1268	1	1016	201	3	16.17
1269	247	1005	202	1	3.09
1270	86	1006	204	2	45.40
1271	352	1011	205	1	28.86
1272	195	1015	205	7	94.15
1273	344	1007	202	2	15.48
1274	281	1007	207	1	7.74
1275	323	1010	204	7	211.26
1276	123	1012	201	3	26.85
1277	196	1015	201	8	107.60
1278	28	1011	208	8	230.88
1279	72	1002	210	8	57.60
1280	231	1007	204	1	7.74
1281	246	1001	204	3	76.83
1282	293	1005	204	4	12.36
1283	79	1014	209	5	86.90
1284	145	1005	203	9	27.81
1285	1	1003	201	9	149.85
1286	171	1003	202	4	66.60
1287	174	1011	202	2	57.72
1288	74	1017	203	7	101.71
1289	342	1017	203	9	130.77
1290	244	1010	206	4	120.72
1291	222	1007	210	3	23.22
1292	124	1013	203	9	39.24
1293	105	1009	204	1	33.09
1294	201	1002	207	4	28.80
1295	196	1015	202	3	40.35
1296	308	1015	205	7	94.15
1297	130	1012	207	4	35.80
1298	73	1012	209	6	53.70
1299	162	1003	207	6	99.90
1300	281	1010	204	6	181.08
1301	128	1020	201	2	17.22
1302	176	1006	210	9	204.30
1303	147	1008	210	1	4.76
1304	103	1016	205	9	48.51
1305	21	1017	208	7	101.71
1306	66	1008	203	2	9.52
1307	69	1006	202	7	158.90
1308	271	1019	202	6	155.46
1309	43	1019	202	3	77.73
1310	57	1017	204	7	101.71
1311	171	1005	206	9	27.81
1312	153	1002	203	3	21.60
1313	318	1020	206	9	77.49
1314	7	1019	208	3	77.73
1315	212	1006	207	2	45.40
1316	282	1020	206	5	43.05
1317	321	1018	204	3	10.89
1318	267	1009	204	7	231.63
1319	207	1005	210	3	9.27
1320	119	1011	201	5	144.30
1321	334	1020	208	8	68.88
1322	325	1017	205	7	101.71
1323	296	1009	206	7	231.63
1324	298	1010	206	7	211.26
1325	268	1018	204	5	18.15
1326	107	1019	204	1	25.91
1327	145	1020	203	8	68.88
1328	30	1002	204	3	21.60
1329	48	1010	206	9	271.62
1330	210	1003	208	4	66.60
1331	141	1004	210	1	19.04
1332	312	1013	202	5	21.80
1333	59	1013	202	3	13.08
1334	146	1013	206	5	21.80
1335	277	1019	203	3	77.73
1336	62	1011	202	6	173.16
1337	251	1020	203	2	17.22
1338	72	1007	203	8	61.92
1339	246	1015	204	1	13.45
1340	71	1008	208	2	9.52
1341	183	1017	201	2	29.06
1342	113	1011	203	4	115.44
1343	164	1007	208	9	69.66
1344	186	1008	207	2	9.52
1345	179	1010	203	8	241.44
1346	295	1012	208	6	53.70
1347	148	1006	203	8	181.60
1348	91	1008	206	6	28.56
1349	228	1012	208	7	62.65
1350	234	1002	205	3	21.60
1351	155	1009	204	4	132.36
1352	246	1003	209	6	99.90
1353	144	1020	202	7	60.27
1354	71	1008	206	3	14.28
1355	282	1003	203	9	149.85
1356	14	1017	204	2	29.06
1357	336	1007	207	5	38.70
1358	56	1004	209	8	152.32
1359	131	1004	208	2	38.08
1360	214	1015	208	4	53.80
1361	191	1012	206	1	8.95
1362	138	1020	210	2	17.22
1363	303	1018	208	9	32.67
1364	128	1005	209	1	3.09
1365	291	1016	203	3	16.17
1366	313	1020	208	6	51.66
1367	156	1009	210	8	264.72
1368	69	1017	202	1	14.53
1369	334	1005	208	3	9.27
1370	161	1012	209	3	26.85
1371	188	1008	205	8	38.08
1372	102	1007	205	6	46.44
1373	350	1010	208	8	241.44
1374	152	1012	203	7	62.65
1375	211	1015	210	7	94.15
1376	133	1007	208	1	7.74
1377	52	1003	205	4	66.60
1378	77	1019	203	7	181.37
1379	150	1020	202	5	43.05
1380	354	1018	210	2	7.26
1381	37	1013	204	1	4.36
1382	318	1011	203	7	202.02
1383	304	1002	203	4	28.80
1384	290	1013	202	7	30.52
1385	54	1020	203	3	25.83
1386	57	1020	203	7	60.27
1387	175	1005	202	9	27.81
1388	125	1008	204	3	14.28
1389	354	1020	202	6	51.66
1390	343	1003	202	9	149.85
1391	347	1001	206	7	179.27
1392	42	1010	207	9	271.62
1393	243	1018	206	7	25.41
1394	13	1013	202	6	26.16
1395	336	1014	210	2	34.76
1396	211	1007	208	5	38.70
1397	28	1012	210	1	8.95
1398	263	1018	205	4	14.52
1399	43	1011	207	6	173.16
1400	364	1015	209	3	40.35
1401	155	1017	204	9	130.77
1402	351	1015	210	5	67.25
1403	197	1001	202	9	230.49
1404	354	1020	205	3	25.83
1405	265	1019	207	6	155.46
1406	110	1015	205	6	80.70
1407	240	1002	206	4	28.80
1408	303	1002	208	9	64.80
1409	206	1008	209	6	28.56
1410	94	1011	205	5	144.30
1411	263	1003	203	3	49.95
1412	312	1010	202	4	120.72
1413	334	1012	204	8	71.60
1414	241	1017	206	3	43.59
1415	232	1008	208	8	38.08
1416	69	1017	207	1	14.53
1417	112	1013	209	3	13.08
1418	233	1008	209	5	23.80
1419	108	1009	207	7	231.63
1420	330	1007	206	5	38.70
1421	145	1001	201	5	128.05
1422	100	1017	201	2	29.06
1423	208	1014	208	1	17.38
1424	157	1014	203	6	104.28
1425	64	1010	207	1	30.18
1426	99	1014	209	6	104.28
1427	352	1011	206	4	115.44
1428	174	1009	201	8	264.72
1429	362	1012	209	3	26.85
1430	197	1020	203	8	68.88
1431	7	1014	210	3	52.14
1432	186	1015	207	3	40.35
1433	174	1004	209	7	133.28
1434	330	1015	209	2	26.90
1435	131	1008	203	9	42.84
1436	198	1013	207	7	30.52
1437	323	1002	207	9	64.80
1438	324	1009	203	2	66.18
1439	211	1014	209	6	104.28
1440	29	1012	208	6	53.70
1441	173	1012	205	6	53.70
1442	197	1020	201	2	17.22
1443	21	1017	208	4	58.12
1444	309	1014	206	8	139.04
1445	209	1012	208	2	17.90
1446	218	1005	208	8	24.72
1447	207	1006	203	2	45.40
1448	314	1005	203	5	15.45
1449	61	1003	202	9	149.85
1450	253	1012	208	6	53.70
1451	265	1016	210	4	21.56
1452	186	1005	207	5	15.45
1453	298	1017	205	2	29.06
1454	100	1006	205	6	136.20
1455	63	1015	204	8	107.60
1456	16	1012	209	3	26.85
1457	92	1018	202	5	18.15
1458	247	1012	204	1	8.95
1459	271	1011	202	2	57.72
1460	174	1020	201	3	25.83
1461	121	1006	203	8	181.60
1462	24	1005	201	1	3.09
1463	326	1004	204	2	38.08
1464	180	1005	209	9	27.81
1465	218	1004	208	9	171.36
1466	31	1020	208	9	77.49
1467	188	1004	206	7	133.28
1468	18	1014	201	8	139.04
1469	303	1016	210	3	16.17
1470	347	1016	209	8	43.12
1471	216	1020	201	9	77.49
1472	358	1005	205	2	6.18
1473	116	1002	205	1	7.20
1474	211	1013	210	2	8.72
1475	298	1003	208	6	99.90
1476	43	1010	206	8	241.44
1477	182	1007	201	4	30.96
1478	33	1010	202	2	60.36
1479	166	1004	205	3	57.12
1480	345	1014	206	5	86.90
1481	197	1017	206	3	43.59
1482	31	1009	208	5	165.45
1483	134	1014	208	5	86.90
1484	131	1008	210	1	4.76
1485	335	1010	205	6	181.08
1486	96	1016	206	1	5.39
1487	85	1018	202	3	10.89
1488	351	1016	210	2	10.78
1489	90	1007	207	2	15.48
1490	274	1011	207	4	115.44
1491	272	1016	209	3	16.17
1492	340	1002	209	7	50.40
1493	62	1015	202	6	80.70
1494	330	1010	202	5	150.90
1495	272	1018	209	6	21.78
1496	304	1004	207	6	114.24
1497	42	1002	204	6	43.20
1498	353	1010	203	7	211.26
1499	92	1020	209	5	43.05
1500	359	1003	202	3	49.95
1501	167	1012	201	7	62.65
1502	32	1014	204	2	34.76
1503	215	1009	210	8	264.72
1504	276	1015	205	9	121.05
1505	114	1020	209	3	25.83
1506	356	1009	201	1	33.09
1507	345	1006	201	8	181.60
1508	184	1008	204	6	28.56
1509	69	1006	206	2	45.40
1510	120	1018	210	4	14.52
1511	8	1013	203	3	13.08
1512	135	1013	206	9	39.24
1513	313	1005	208	1	3.09
1514	190	1013	201	6	26.16
1515	77	1018	207	8	29.04
1516	20	1002	206	8	57.60
1517	159	1007	202	9	69.66
1518	6	1017	207	3	43.59
1519	9	1007	207	2	15.48
1520	34	1004	205	1	19.04
1521	329	1013	201	5	21.80
1522	191	1019	205	4	103.64
1523	280	1020	206	9	77.49
1524	260	1006	208	9	204.30
1525	284	1011	210	9	259.74
1526	150	1016	207	3	16.17
1527	301	1009	202	1	33.09
1528	271	1019	208	5	129.55
1529	144	1006	208	3	68.10
1530	56	1017	202	7	101.71
1531	287	1009	206	4	132.36
1532	10	1017	204	2	29.06
1533	158	1006	207	7	158.90
1534	120	1012	210	7	62.65
1535	164	1018	210	5	18.15
1536	235	1001	207	2	51.22
1537	199	1002	210	6	43.20
1538	213	1004	206	3	57.12
1539	261	1007	205	4	30.96
1540	40	1016	209	7	37.73
1541	264	1008	208	5	23.80
1542	103	1007	203	4	30.96
1543	151	1008	205	7	33.32
1544	147	1016	204	2	10.78
1545	310	1020	208	3	25.83
1546	112	1019	201	5	129.55
1547	249	1011	203	1	28.86
1548	16	1001	208	1	25.61
1549	50	1002	205	3	21.60
1550	195	1005	206	8	24.72
1551	49	1008	208	7	33.32
1552	216	1009	210	6	198.54
1553	40	1010	201	5	150.90
1554	198	1009	202	2	66.18
1555	251	1011	201	5	144.30
1556	64	1017	204	7	101.71
1557	252	1006	202	9	204.30
1558	110	1016	209	3	16.17
1559	238	1018	202	2	7.26
1560	183	1015	209	5	67.25
1561	293	1006	203	5	113.50
1562	108	1007	209	7	54.18
1563	360	1019	207	1	25.91
1564	20	1010	206	2	60.36
1565	290	1012	209	5	44.75
1566	347	1017	203	6	87.18
1567	151	1018	206	2	7.26
1568	322	1018	208	2	7.26
1569	19	1019	209	8	207.28
1570	242	1002	209	6	43.20
1571	257	1012	206	2	17.90
1572	274	1019	210	7	181.37
1573	345	1006	204	4	90.80
1574	106	1013	205	9	39.24
1575	274	1015	205	3	40.35
1576	223	1004	203	2	38.08
1577	275	1013	204	5	21.80
1578	70	1002	205	2	14.40
1579	232	1011	202	6	173.16
1580	119	1012	202	6	53.70
1581	6	1007	202	3	23.22
1582	150	1002	202	2	14.40
1583	27	1013	210	2	8.72
1584	67	1008	201	3	14.28
1585	80	1007	204	1	7.74
1586	149	1009	201	1	33.09
1587	302	1010	204	7	211.26
1588	213	1008	205	8	38.08
1589	315	1008	201	7	33.32
1590	348	1012	209	5	44.75
1591	189	1018	204	5	18.15
1592	141	1019	208	5	129.55
1593	172	1014	210	2	34.76
1594	220	1018	205	3	10.89
1595	84	1017	209	6	87.18
1596	28	1010	204	2	60.36
1597	17	1020	204	9	77.49
1598	35	1014	208	8	139.04
1599	229	1017	207	5	72.65
1600	263	1010	206	7	211.26
1601	143	1014	202	2	34.76
1602	127	1001	209	2	51.22
1603	293	1007	202	5	38.70
1604	128	1015	209	7	94.15
1605	336	1016	207	8	43.12
1606	268	1011	209	6	173.16
1607	150	1002	203	8	57.60
1608	270	1010	209	6	181.08
1609	345	1014	208	4	69.52
1610	98	1006	210	9	204.30
1611	276	1015	208	2	26.90
1612	164	1016	208	1	5.39
1613	258	1003	202	7	116.55
1614	103	1010	204	4	120.72
1615	137	1017	210	3	43.59
1616	261	1019	208	2	51.82
1617	324	1016	204	1	5.39
1618	189	1012	205	2	17.90
1619	52	1012	206	9	80.55
1620	124	1006	204	5	113.50
1621	258	1008	210	4	19.04
1622	270	1020	208	9	77.49
1623	229	1014	208	8	139.04
1624	152	1002	201	6	43.20
1625	170	1001	205	8	204.88
1626	146	1004	210	3	57.12
1627	27	1016	201	1	5.39
1628	12	1012	202	3	26.85
1629	5	1012	202	9	80.55
1630	274	1014	205	4	69.52
1631	20	1020	210	5	43.05
1632	124	1004	205	6	114.24
1633	134	1016	202	3	16.17
1634	235	1014	203	3	52.14
1635	97	1017	208	5	72.65
1636	20	1019	201	7	181.37
1637	21	1008	203	2	9.52
1638	219	1006	202	5	113.50
1639	6	1017	205	3	43.59
1640	84	1013	207	9	39.24
1641	351	1003	202	7	116.55
1642	162	1009	206	3	99.27
1643	337	1001	208	9	230.49
1644	74	1006	210	3	68.10
1645	323	1017	209	5	72.65
1646	29	1005	209	5	15.45
1647	102	1016	204	2	10.78
1648	30	1007	201	9	69.66
1649	23	1008	208	1	4.76
1650	358	1001	204	7	179.27
1651	289	1004	209	6	114.24
1652	347	1019	205	7	181.37
1653	255	1011	208	9	259.74
1654	82	1016	207	9	48.51
1655	223	1020	202	7	60.27
1656	241	1006	208	9	204.30
1657	200	1017	206	2	29.06
1658	159	1020	205	8	68.88
1659	24	1017	202	4	58.12
1660	13	1014	209	3	52.14
1661	155	1004	205	2	38.08
1662	90	1011	207	2	57.72
1663	306	1006	204	7	158.90
1664	327	1015	210	8	107.60
1665	306	1017	204	4	58.12
1666	110	1018	201	5	18.15
1667	232	1018	209	1	3.63
1668	5	1006	206	7	158.90
1669	353	1007	203	1	7.74
1670	336	1017	210	3	43.59
1671	112	1001	202	1	25.61
1672	241	1009	208	6	198.54
1673	289	1003	207	7	116.55
1674	165	1016	210	3	16.17
1675	61	1008	201	5	23.80
1676	351	1017	204	4	58.12
1677	263	1017	205	2	29.06
1678	36	1013	210	5	21.80
1679	98	1002	201	4	28.80
1680	111	1019	208	5	129.55
1681	287	1009	205	9	297.81
1682	356	1018	207	4	14.52
1683	98	1015	202	6	80.70
1684	237	1017	209	2	29.06
1685	29	1003	203	5	83.25
1686	85	1011	203	8	230.88
1687	321	1004	202	7	133.28
1688	31	1008	202	5	23.80
1689	11	1018	208	3	10.89
1690	66	1007	206	9	69.66
1691	323	1017	207	5	72.65
1692	81	1018	210	5	18.15
1693	59	1017	205	5	72.65
1694	364	1019	204	8	207.28
1695	62	1006	204	3	68.10
1696	203	1008	202	3	14.28
1697	193	1017	203	5	72.65
1698	321	1005	203	5	15.45
1699	275	1012	202	9	80.55
1700	348	1018	204	7	25.41
1701	93	1018	205	6	21.78
1702	338	1017	210	1	14.53
1703	204	1017	208	9	130.77
1704	195	1015	203	6	80.70
1705	70	1020	201	6	51.66
1706	190	1003	210	4	66.60
1707	236	1003	207	5	83.25
1708	157	1009	202	7	231.63
1709	276	1007	205	4	30.96
1710	335	1009	208	4	132.36
1711	356	1008	204	3	14.28
1712	173	1011	206	2	57.72
1713	231	1003	203	1	16.65
1714	337	1016	206	1	5.39
1715	65	1014	210	1	17.38
1716	351	1006	206	9	204.30
1717	193	1012	205	2	17.90
1718	293	1003	206	5	83.25
1719	315	1011	201	2	57.72
1720	124	1006	205	4	90.80
1721	43	1016	203	8	43.12
1722	290	1018	207	6	21.78
1723	267	1014	202	8	139.04
1724	149	1018	201	7	25.41
1725	29	1005	203	7	21.63
1726	329	1011	203	8	230.88
1727	358	1013	205	2	8.72
1728	324	1009	204	8	264.72
1729	191	1005	204	1	3.09
1730	197	1009	203	1	33.09
1731	130	1004	201	7	133.28
1732	138	1001	202	8	204.88
1733	286	1007	209	6	46.44
1734	248	1016	210	5	26.95
1735	323	1005	208	2	6.18
1736	337	1001	206	7	179.27
1737	100	1001	209	1	25.61
1738	5	1018	208	9	32.67
1739	237	1004	209	9	171.36
1740	260	1018	202	7	25.41
1741	28	1012	205	6	53.70
1742	110	1019	209	6	155.46
1743	231	1017	210	5	72.65
1744	107	1014	201	9	156.42
1745	149	1003	206	6	99.90
1746	229	1006	205	6	136.20
1747	90	1017	207	4	58.12
1748	220	1013	204	8	34.88
1749	168	1014	202	8	139.04
1750	365	1007	208	8	61.92
1751	257	1015	210	1	13.45
1752	81	1011	202	9	259.74
1753	172	1016	207	3	16.17
1754	334	1020	202	6	51.66
1755	166	1006	206	2	45.40
1756	1	1008	207	7	33.32
1757	326	1015	207	3	40.35
1758	314	1016	209	3	16.17
1759	98	1017	201	7	101.71
1760	339	1012	206	4	35.80
1761	333	1004	207	2	38.08
1762	320	1007	210	4	30.96
1763	56	1015	207	9	121.05
1764	86	1010	206	6	181.08
1765	82	1015	210	3	40.35
1766	122	1002	208	6	43.20
1767	156	1014	203	5	86.90
1768	339	1003	201	4	66.60
1769	246	1001	203	8	204.88
1770	140	1020	202	7	60.27
1771	357	1013	203	1	4.36
1772	180	1017	207	3	43.59
1773	250	1020	203	2	17.22
1774	156	1020	210	4	34.44
1775	182	1015	201	3	40.35
1776	327	1001	202	5	128.05
1777	167	1010	206	7	211.26
1778	30	1007	207	7	54.18
1779	149	1006	209	7	158.90
1780	325	1015	201	3	40.35
1781	124	1002	205	3	21.60
1782	219	1017	204	9	130.77
1783	203	1019	204	8	207.28
1784	150	1017	201	7	101.71
1785	63	1018	210	4	14.52
1786	92	1010	203	1	30.18
1787	38	1020	205	8	68.88
1788	335	1007	206	9	69.66
1789	239	1006	202	5	113.50
1790	54	1018	210	7	25.41
1791	159	1005	209	8	24.72
1792	64	1002	201	6	43.20
1793	251	1013	209	2	8.72
1794	267	1013	202	4	17.44
1795	355	1005	207	4	12.36
1796	131	1013	208	4	17.44
1797	14	1001	210	6	153.66
1798	160	1014	203	9	156.42
1799	30	1014	208	2	34.76
1800	248	1010	205	3	90.54
1801	307	1017	206	7	101.71
1802	156	1020	202	5	43.05
1803	335	1004	203	7	133.28
1804	84	1012	204	7	62.65
1805	288	1017	209	5	72.65
1806	130	1003	201	8	133.20
1807	323	1006	203	5	113.50
1808	309	1016	201	2	10.78
1809	189	1005	210	4	12.36
1810	82	1008	210	8	38.08
1811	73	1016	201	8	43.12
1812	329	1001	209	7	179.27
1813	310	1007	203	1	7.74
1814	270	1017	204	4	58.12
1815	363	1008	206	6	28.56
1816	212	1003	206	1	16.65
1817	355	1003	201	5	83.25
1818	108	1001	209	8	204.88
1819	155	1002	203	5	36.00
1820	250	1020	204	6	51.66
1821	320	1004	209	3	57.12
1822	274	1011	208	6	173.16
1823	38	1014	202	4	69.52
1824	31	1015	209	4	53.80
1825	339	1001	207	8	204.88
1826	254	1009	207	6	198.54
1827	181	1020	201	1	8.61
1828	175	1012	201	7	62.65
1829	331	1007	201	1	7.74
1830	49	1010	207	2	60.36
1831	364	1017	202	1	14.53
1832	348	1007	210	5	38.70
1833	192	1003	207	4	66.60
1834	295	1008	204	6	28.56
1835	216	1010	205	2	60.36
1836	305	1016	208	9	48.51
1837	134	1018	208	3	10.89
1838	96	1006	201	8	181.60
1839	10	1020	206	1	8.61
1840	239	1017	210	7	101.71
1841	52	1009	210	6	198.54
1842	89	1017	204	8	116.24
1843	61	1008	206	9	42.84
1844	138	1005	209	6	18.54
1845	334	1004	201	1	19.04
1846	87	1012	203	1	8.95
1847	212	1009	209	4	132.36
1848	230	1018	207	1	3.63
1849	188	1005	205	8	24.72
1850	59	1018	207	8	29.04
1851	6	1004	210	5	95.20
1852	249	1015	204	1	13.45
1853	6	1015	209	2	26.90
1854	239	1018	209	8	29.04
1855	16	1004	203	8	152.32
1856	185	1011	202	1	28.86
1857	256	1001	205	2	51.22
1858	126	1018	208	9	32.67
1859	213	1017	206	7	101.71
1860	247	1007	206	9	69.66
1861	249	1011	205	3	86.58
1862	241	1001	202	7	179.27
1863	85	1006	201	8	181.60
1864	305	1003	203	4	66.60
1865	7	1016	208	3	16.17
1866	248	1010	206	3	90.54
1867	194	1006	205	4	90.80
1868	217	1006	208	9	204.30
1869	179	1012	206	2	17.90
1870	258	1017	202	9	130.77
1871	213	1004	209	3	57.12
1872	330	1004	206	4	76.16
1873	266	1005	201	2	6.18
1874	289	1007	208	3	23.22
1875	256	1004	203	1	19.04
1876	328	1014	201	1	17.38
1877	191	1009	209	6	198.54
1878	313	1009	203	9	297.81
1879	287	1002	208	6	43.20
1880	246	1016	201	3	16.17
1881	219	1005	206	7	21.63
1882	122	1002	210	3	21.60
1883	210	1001	205	8	204.88
1884	157	1017	205	5	72.65
1885	167	1005	210	3	9.27
1886	363	1001	206	5	128.05
1887	188	1006	209	4	90.80
1888	257	1014	203	9	156.42
1889	342	1009	203	8	264.72
1890	27	1016	204	5	26.95
1891	57	1019	204	2	51.82
1892	134	1005	210	7	21.63
1893	146	1012	203	4	35.80
1894	30	1002	210	3	21.60
1895	264	1006	210	5	113.50
1896	353	1016	204	7	37.73
1897	28	1001	205	4	102.44
1898	255	1017	207	8	116.24
1899	203	1020	203	2	17.22
1900	37	1019	202	2	51.82
1901	191	1003	202	1	16.65
1902	360	1013	201	6	26.16
1903	304	1004	203	4	76.16
1904	270	1004	203	1	19.04
1905	101	1010	210	1	30.18
1906	250	1011	203	4	115.44
1907	156	1006	201	1	22.70
1908	145	1008	203	3	14.28
1909	122	1013	207	2	8.72
1910	266	1010	209	4	120.72
1911	278	1004	210	4	76.16
1912	290	1018	202	5	18.15
1913	120	1011	207	9	259.74
1914	140	1014	203	8	139.04
1915	16	1002	210	5	36.00
1916	317	1009	209	6	198.54
1917	205	1009	206	5	165.45
1918	265	1018	209	2	7.26
1919	61	1002	209	7	50.40
1920	154	1010	203	2	60.36
1921	4	1004	209	1	19.04
1922	109	1014	209	9	156.42
1923	350	1003	205	7	116.55
1924	364	1013	209	1	4.36
1925	78	1007	206	9	69.66
1926	148	1012	209	4	35.80
1927	244	1002	204	6	43.20
1928	211	1003	205	5	83.25
1929	152	1006	202	4	90.80
1930	203	1010	205	6	181.08
1931	130	1017	208	1	14.53
1932	116	1014	209	3	52.14
1933	44	1006	209	4	90.80
1934	22	1001	205	9	230.49
1935	81	1018	210	1	3.63
1936	222	1006	201	5	113.50
1937	239	1020	207	7	60.27
1938	88	1006	207	4	90.80
1939	265	1019	205	4	103.64
1940	44	1006	208	3	68.10
1941	343	1009	207	7	231.63
1942	298	1013	206	4	17.44
1943	241	1012	205	7	62.65
1944	130	1010	210	6	181.08
1945	190	1008	202	5	23.80
1946	163	1008	209	8	38.08
1947	189	1015	201	7	94.15
1948	363	1019	208	8	207.28
1949	284	1017	204	1	14.53
1950	153	1004	208	6	114.24
1951	320	1004	204	4	76.16
1952	107	1009	209	9	297.81
1953	201	1020	201	8	68.88
1954	59	1018	207	3	10.89
1955	43	1010	210	2	60.36
1956	308	1018	203	6	21.78
1957	49	1016	209	6	32.34
1958	49	1009	210	3	99.27
1959	294	1002	207	3	21.60
1960	67	1006	202	5	113.50
1961	152	1019	209	2	51.82
1962	234	1014	208	4	69.52
1963	346	1013	207	5	21.80
1964	56	1006	209	5	113.50
1965	146	1015	207	7	94.15
1966	318	1009	203	7	231.63
1967	70	1004	204	5	95.20
1968	177	1003	207	1	16.65
1969	44	1003	202	4	66.60
1970	62	1014	208	8	139.04
1971	159	1011	202	7	202.02
1972	50	1014	210	2	34.76
1973	339	1005	201	5	15.45
1974	143	1010	202	3	90.54
1975	129	1020	204	7	60.27
1976	347	1005	208	4	12.36
1977	348	1015	206	7	94.15
1978	263	1011	204	8	230.88
1979	337	1020	208	7	60.27
1980	262	1018	207	9	32.67
1981	244	1005	210	4	12.36
1982	186	1003	203	2	33.30
1983	299	1001	207	9	230.49
1984	241	1001	206	7	179.27
1985	247	1005	208	8	24.72
1986	54	1011	203	8	230.88
1987	287	1011	208	2	57.72
1988	176	1019	210	1	25.91
1989	263	1017	206	4	58.12
1990	86	1004	201	6	114.24
1991	246	1006	209	8	181.60
1992	121	1004	202	2	38.08
1993	321	1013	209	9	39.24
1994	82	1014	209	1	17.38
1995	1	1012	210	8	71.60
1996	150	1015	204	7	94.15
1997	326	1008	209	9	42.84
1998	185	1020	209	8	68.88
1999	23	1008	202	8	38.08
2000	328	1016	204	9	48.51
2001	161	1013	202	2	8.72
2002	173	1018	206	1	3.63
2003	228	1001	202	3	76.83
2004	251	1015	209	8	107.60
2005	275	1015	205	4	53.80
2006	187	1016	203	1	5.39
2007	261	1009	205	7	231.63
2008	141	1015	207	2	26.90
2009	207	1018	203	6	21.78
2010	109	1005	204	4	12.36
2011	176	1011	210	8	230.88
2012	353	1017	207	2	29.06
2013	153	1015	207	7	94.15
2014	75	1011	205	1	28.86
2015	297	1004	208	5	95.20
2016	225	1009	202	4	132.36
2017	9	1015	201	1	13.45
2018	10	1001	209	5	128.05
2019	91	1011	208	9	259.74
2020	56	1015	202	9	121.05
2021	196	1003	204	5	83.25
2022	92	1002	202	5	36.00
2023	355	1001	208	7	179.27
2024	234	1007	202	7	54.18
2025	237	1001	206	8	204.88
2026	203	1003	210	3	49.95
2027	347	1004	204	5	95.20
2028	290	1019	203	8	207.28
2029	337	1009	207	4	132.36
2030	34	1014	208	1	17.38
2031	104	1020	206	7	60.27
2032	192	1001	206	8	204.88
2033	32	1018	205	8	29.04
2034	359	1005	207	4	12.36
2035	269	1001	203	1	25.61
2036	271	1016	210	2	10.78
2037	346	1006	203	3	68.10
2038	289	1006	206	3	68.10
2039	63	1002	207	4	28.80
2040	152	1004	201	6	114.24
2041	2	1012	202	8	71.60
2042	231	1019	209	5	129.55
2043	102	1019	208	2	51.82
2044	303	1003	210	1	16.65
2045	34	1001	210	5	128.05
2046	199	1020	203	3	25.83
2047	144	1014	201	1	17.38
2048	356	1016	204	6	32.34
2049	297	1012	208	3	26.85
2050	184	1016	207	4	21.56
2051	21	1019	207	9	233.19
2052	44	1015	204	1	13.45
2053	356	1017	204	4	58.12
2054	214	1013	205	8	34.88
2055	163	1002	208	8	57.60
2056	338	1005	204	6	18.54
2057	129	1010	205	9	271.62
2058	252	1012	205	2	17.90
2059	352	1009	203	5	165.45
2060	19	1020	207	9	77.49
2061	347	1009	207	8	264.72
2062	73	1009	208	6	198.54
2063	216	1009	205	3	99.27
2064	72	1016	207	4	21.56
2065	205	1012	204	3	26.85
2066	323	1013	205	8	34.88
2067	249	1004	203	5	95.20
2068	166	1001	210	3	76.83
2069	24	1001	204	8	204.88
2070	26	1006	209	2	45.40
2071	273	1011	210	4	115.44
2072	31	1008	201	7	33.32
2073	199	1011	209	1	28.86
2074	350	1004	208	4	76.16
2075	243	1013	202	7	30.52
2076	295	1008	204	9	42.84
2077	145	1014	209	9	156.42
2078	228	1002	210	3	21.60
2079	246	1014	209	6	104.28
2080	347	1002	203	5	36.00
2081	231	1020	208	8	68.88
2082	4	1016	210	8	43.12
2083	27	1003	205	7	116.55
2084	294	1020	209	7	60.27
2085	38	1014	203	9	156.42
2086	243	1003	208	7	116.55
2087	139	1008	209	5	23.80
2088	310	1017	207	9	130.77
2089	111	1015	205	7	94.15
2090	215	1001	210	6	153.66
2091	28	1015	206	6	80.70
2092	202	1009	210	4	132.36
2093	35	1006	204	4	90.80
2094	356	1013	208	4	17.44
2095	346	1013	202	9	39.24
2096	237	1011	206	3	86.58
2097	249	1005	207	7	21.63
2098	121	1005	204	9	27.81
2099	263	1001	208	7	179.27
2100	155	1013	204	2	8.72
2101	228	1011	204	7	202.02
2102	259	1008	202	3	14.28
2103	275	1020	209	1	8.61
2104	196	1010	202	4	120.72
2105	341	1010	208	7	211.26
2106	164	1017	208	4	58.12
2107	197	1014	204	7	121.66
2108	308	1011	201	8	230.88
2109	243	1018	209	4	14.52
2110	132	1019	206	3	77.73
2111	191	1013	203	5	21.80
2112	7	1006	206	7	158.90
2113	328	1004	209	3	57.12
2114	55	1012	209	4	35.80
2115	170	1002	208	4	28.80
2116	132	1008	202	9	42.84
2117	207	1016	208	6	32.34
2118	55	1003	209	5	83.25
2119	98	1012	204	9	80.55
2120	280	1006	201	6	136.20
2121	165	1019	202	6	155.46
2122	137	1012	204	8	71.60
2123	286	1005	203	1	3.09
2124	143	1014	201	2	34.76
2125	276	1018	204	9	32.67
2126	188	1013	205	8	34.88
2127	115	1011	208	7	202.02
2128	318	1010	210	5	150.90
2129	108	1017	202	6	87.18
2130	281	1018	209	8	29.04
2131	171	1001	210	7	179.27
2132	44	1005	204	7	21.63
2133	167	1001	203	5	128.05
2134	3	1002	210	9	64.80
2135	3	1004	203	7	133.28
2136	266	1001	209	1	25.61
2137	323	1013	206	3	13.08
2138	251	1011	205	2	57.72
2139	351	1009	202	7	231.63
2140	324	1007	209	9	69.66
2141	116	1010	203	2	60.36
2142	339	1009	206	7	231.63
2143	261	1004	207	2	38.08
2144	21	1017	201	2	29.06
2145	164	1017	210	2	29.06
2146	300	1007	207	6	46.44
2147	251	1009	209	5	165.45
2148	289	1014	201	1	17.38
2149	180	1020	205	9	77.49
2150	348	1020	210	7	60.27
2151	305	1007	207	2	15.48
2152	226	1002	204	4	28.80
2153	53	1004	206	2	38.08
2154	178	1004	203	4	76.16
2155	125	1017	205	8	116.24
2156	260	1008	206	9	42.84
2157	130	1008	202	1	4.76
2158	330	1016	210	9	48.51
2159	108	1005	203	4	12.36
2160	73	1016	202	6	32.34
2161	302	1004	208	5	95.20
2162	233	1011	205	2	57.72
2163	298	1005	202	4	12.36
2164	235	1007	204	3	23.22
2165	107	1011	201	1	28.86
2166	62	1012	204	4	35.80
2167	221	1002	204	5	36.00
2168	363	1019	208	3	77.73
2169	210	1009	203	9	297.81
2170	320	1010	207	1	30.18
2171	236	1018	207	9	32.67
2172	219	1018	203	6	21.78
2173	7	1008	202	3	14.28
2174	44	1014	202	3	52.14
2175	23	1008	205	8	38.08
2176	293	1004	207	7	133.28
2177	17	1012	202	9	80.55
2178	304	1009	205	4	132.36
2179	286	1017	201	7	101.71
2180	19	1001	207	6	153.66
2181	39	1007	201	1	7.74
2182	338	1012	201	6	53.70
2183	336	1013	208	2	8.72
2184	123	1006	204	5	113.50
2185	207	1006	206	4	90.80
2186	10	1007	209	2	15.48
2187	157	1005	208	1	3.09
2188	96	1006	202	7	158.90
2189	209	1003	203	6	99.90
2190	77	1004	203	6	114.24
2191	287	1004	205	8	152.32
2192	293	1015	207	9	121.05
2193	184	1002	203	4	28.80
2194	79	1016	204	6	32.34
2195	30	1013	204	3	13.08
2196	98	1006	206	8	181.60
2197	63	1016	203	8	43.12
2198	248	1007	209	2	15.48
2199	155	1009	201	8	264.72
2200	213	1017	210	4	58.12
2201	275	1010	210	2	60.36
2202	235	1013	208	8	34.88
2203	55	1012	208	7	62.65
2204	283	1003	201	8	133.20
2205	60	1001	204	8	204.88
2206	255	1013	209	5	21.80
2207	91	1002	203	9	64.80
2208	338	1019	203	5	129.55
2209	18	1001	205	3	76.83
2210	126	1005	201	6	18.54
2211	297	1018	206	8	29.04
2212	156	1005	206	7	21.63
2213	177	1010	204	1	30.18
2214	174	1005	201	2	6.18
2215	119	1010	201	7	211.26
2216	101	1007	203	8	61.92
2217	202	1006	207	5	113.50
2218	315	1020	209	9	77.49
2219	221	1015	205	9	121.05
2220	111	1005	201	4	12.36
2221	359	1017	203	3	43.59
2222	61	1010	207	6	181.08
2223	131	1017	202	4	58.12
2224	66	1017	207	1	14.53
2225	147	1005	203	9	27.81
2226	135	1012	203	7	62.65
2227	206	1006	210	5	113.50
2228	88	1020	206	7	60.27
2229	293	1012	205	5	44.75
2230	19	1020	209	2	17.22
2231	33	1017	206	4	58.12
2232	249	1019	201	7	181.37
2233	149	1016	204	8	43.12
2234	258	1017	204	4	58.12
2235	271	1006	205	8	181.60
2236	39	1018	204	2	7.26
2237	356	1014	205	9	156.42
2238	46	1007	210	5	38.70
2239	83	1020	210	1	8.61
2240	295	1016	208	7	37.73
2241	324	1010	207	4	120.72
2242	318	1017	205	2	29.06
2243	357	1001	205	6	153.66
2244	276	1019	210	6	155.46
2245	218	1005	210	8	24.72
2246	146	1015	208	5	67.25
2247	118	1005	210	8	24.72
2248	168	1006	209	6	136.20
2249	299	1019	203	9	233.19
2250	185	1016	210	9	48.51
2251	217	1019	210	8	207.28
2252	263	1019	209	2	51.82
2253	270	1012	204	5	44.75
2254	59	1020	205	6	51.66
2255	179	1017	208	1	14.53
2256	236	1006	203	5	113.50
2257	115	1003	202	7	116.55
2258	136	1015	206	4	53.80
2259	364	1013	210	9	39.24
2260	296	1002	202	1	7.20
2261	262	1017	208	1	14.53
2262	206	1016	204	2	10.78
2263	318	1017	201	5	72.65
2264	277	1010	201	8	241.44
2265	223	1018	202	8	29.04
2266	337	1016	210	7	37.73
2267	66	1014	210	6	104.28
2268	103	1017	204	1	14.53
2269	362	1003	201	1	16.65
2270	9	1020	208	7	60.27
2271	160	1003	208	3	49.95
2272	55	1005	206	3	9.27
2273	217	1001	204	2	51.22
2274	105	1012	202	5	44.75
2275	332	1015	209	3	40.35
2276	285	1006	208	1	22.70
2277	276	1006	208	9	204.30
2278	280	1012	204	7	62.65
2279	350	1008	209	8	38.08
2280	98	1009	204	1	33.09
2281	239	1002	203	3	21.60
2282	209	1004	203	8	152.32
2283	284	1013	203	6	26.16
2284	193	1017	203	9	130.77
2285	327	1006	206	1	22.70
2286	286	1006	206	2	45.40
2287	36	1007	204	6	46.44
2288	244	1003	209	7	116.55
2289	279	1017	201	1	14.53
2290	355	1013	205	3	13.08
2291	97	1005	209	1	3.09
2292	121	1003	210	3	49.95
2293	11	1018	204	4	14.52
2294	146	1010	208	5	150.90
2295	194	1001	204	6	153.66
2296	143	1007	202	7	54.18
2297	261	1004	210	5	95.20
2298	59	1005	201	1	3.09
2299	315	1009	205	4	132.36
2300	151	1011	201	2	57.72
2301	307	1012	209	5	44.75
2302	97	1012	209	6	53.70
2303	251	1009	210	4	132.36
2304	247	1012	208	3	26.85
2305	185	1006	205	8	181.60
2306	247	1004	207	9	171.36
2307	67	1007	205	3	23.22
2308	163	1019	208	3	77.73
2309	119	1011	205	8	230.88
2310	169	1001	204	7	179.27
2311	101	1020	205	1	8.61
2312	98	1012	203	9	80.55
2313	69	1017	206	8	116.24
2314	316	1009	209	6	198.54
2315	51	1017	201	8	116.24
2316	255	1017	205	3	43.59
2317	251	1010	201	3	90.54
2318	167	1013	208	6	26.16
2319	335	1016	203	9	48.51
2320	322	1014	210	4	69.52
2321	144	1012	204	2	17.90
2322	204	1006	208	9	204.30
2323	216	1013	201	7	30.52
2324	17	1004	201	5	95.20
2325	87	1020	203	7	60.27
2326	264	1008	204	5	23.80
2327	202	1015	210	8	107.60
2328	200	1001	205	1	25.61
2329	237	1015	210	9	121.05
2330	243	1007	204	5	38.70
2331	87	1015	208	8	107.60
2332	82	1005	205	1	3.09
2333	184	1001	206	9	230.49
2334	294	1009	207	5	165.45
2335	284	1002	205	9	64.80
2336	244	1013	206	1	4.36
2337	330	1007	207	6	46.44
2338	25	1004	207	3	57.12
2339	133	1014	201	1	17.38
2340	161	1009	207	2	66.18
2341	229	1007	207	1	7.74
2342	309	1015	204	8	107.60
2343	148	1006	207	8	181.60
2344	243	1016	203	9	48.51
2345	115	1015	207	6	80.70
2346	174	1019	202	5	129.55
2347	287	1007	201	1	7.74
2348	100	1005	207	9	27.81
2349	200	1019	204	3	77.73
2350	231	1011	210	2	57.72
2351	36	1014	205	9	156.42
2352	35	1019	201	6	155.46
2353	179	1012	207	3	26.85
2354	346	1001	201	9	230.49
2355	70	1003	209	3	49.95
2356	76	1011	206	8	230.88
2357	236	1010	204	5	150.90
2358	327	1014	207	6	104.28
2359	211	1006	203	1	22.70
2360	290	1018	202	5	18.15
2361	137	1001	202	1	25.61
2362	73	1019	207	1	25.91
2363	246	1020	204	5	43.05
2364	108	1016	203	8	43.12
2365	53	1010	209	8	241.44
2366	93	1014	204	3	52.14
2367	192	1009	210	9	297.81
2368	60	1012	206	2	17.90
2369	271	1010	209	9	271.62
2370	210	1007	210	7	54.18
2371	304	1004	201	4	76.16
2372	95	1018	209	1	3.63
2373	257	1004	207	7	133.28
2374	82	1013	203	9	39.24
2375	258	1013	208	3	13.08
2376	10	1019	206	9	233.19
2377	86	1005	203	6	18.54
2378	176	1005	206	4	12.36
2379	280	1008	202	7	33.32
2380	129	1001	207	8	204.88
2381	103	1020	201	4	34.44
2382	197	1020	201	5	43.05
2383	129	1006	209	5	113.50
2384	63	1001	205	2	51.22
2385	291	1016	209	9	48.51
2386	3	1016	203	4	21.56
2387	166	1012	204	8	71.60
2388	134	1016	205	9	48.51
2389	219	1002	208	1	7.20
2390	62	1008	209	9	42.84
2391	316	1020	209	1	8.61
2392	325	1016	204	7	37.73
2393	75	1014	204	7	121.66
2394	179	1019	202	7	181.37
2395	131	1014	210	3	52.14
2396	248	1014	202	3	52.14
2397	173	1006	201	5	113.50
2398	161	1010	205	9	271.62
2399	81	1003	209	2	33.30
2400	57	1013	208	4	17.44
2401	119	1002	208	5	36.00
2402	231	1008	207	3	14.28
2403	7	1002	208	6	43.20
2404	273	1003	208	8	133.20
2405	121	1001	201	2	51.22
2406	335	1010	210	9	271.62
2407	116	1020	203	8	68.88
2408	261	1007	209	1	7.74
2409	352	1009	203	9	297.81
2410	28	1003	201	5	83.25
2411	325	1004	202	6	114.24
2412	268	1007	208	1	7.74
2413	15	1003	204	1	16.65
2414	264	1010	209	9	271.62
2415	1	1017	207	5	72.65
2416	125	1003	210	7	116.55
2417	345	1015	203	7	94.15
2418	74	1005	204	7	21.63
2419	329	1002	204	6	43.20
2420	295	1011	207	8	230.88
2421	196	1019	210	8	207.28
2422	240	1014	205	9	156.42
2423	259	1014	208	8	139.04
2424	176	1014	201	8	139.04
2425	265	1017	201	8	116.24
2426	60	1010	203	8	241.44
2427	183	1003	206	2	33.30
2428	10	1015	201	5	67.25
2429	127	1017	206	4	58.12
2430	358	1017	208	1	14.53
2431	251	1016	202	1	5.39
2432	74	1003	201	7	116.55
2433	211	1003	208	3	49.95
2434	159	1008	203	3	14.28
2435	166	1008	207	8	38.08
2436	6	1012	201	6	53.70
2437	332	1010	204	9	271.62
2438	15	1004	209	6	114.24
2439	358	1011	210	4	115.44
2440	197	1006	204	8	181.60
2441	202	1015	204	7	94.15
2442	308	1018	201	4	14.52
2443	100	1013	204	6	26.16
2444	327	1019	201	5	129.55
2445	365	1004	205	2	38.08
2446	154	1015	201	1	13.45
2447	275	1014	203	5	86.90
2448	326	1017	202	7	101.71
2449	186	1012	208	1	8.95
2450	212	1016	204	7	37.73
2451	212	1019	207	9	233.19
2452	114	1013	207	1	4.36
2453	41	1019	207	3	77.73
2454	93	1001	205	5	128.05
2455	2	1011	205	8	230.88
2456	135	1002	205	5	36.00
2457	35	1011	207	4	115.44
2458	217	1007	205	2	15.48
2459	161	1019	201	4	103.64
2460	314	1019	201	5	129.55
2461	50	1013	209	6	26.16
2462	113	1004	209	4	76.16
2463	308	1001	203	5	128.05
2464	72	1013	206	6	26.16
2465	263	1020	208	8	68.88
2466	354	1015	205	2	26.90
2467	253	1002	208	7	50.40
2468	298	1005	203	1	3.09
2469	311	1002	208	9	64.80
2470	5	1019	204	3	77.73
2471	126	1006	209	6	136.20
2472	204	1012	207	9	80.55
2473	303	1019	204	7	181.37
2474	75	1006	202	7	158.90
2475	147	1015	207	2	26.90
2476	152	1015	205	1	13.45
2477	216	1001	204	7	179.27
2478	185	1020	210	2	17.22
2479	137	1001	208	6	153.66
2480	17	1004	206	2	38.08
2481	229	1003	201	2	33.30
2482	359	1019	201	6	155.46
2483	6	1004	203	8	152.32
2484	295	1008	205	9	42.84
2485	295	1020	210	5	43.05
2486	101	1009	209	7	231.63
2487	128	1005	207	6	18.54
2488	5	1014	202	8	139.04
2489	257	1009	204	7	231.63
2490	306	1019	206	8	207.28
2491	86	1018	209	1	3.63
2492	100	1012	205	4	35.80
2493	87	1017	201	9	130.77
2494	118	1010	202	2	60.36
2495	228	1019	208	6	155.46
2496	354	1013	201	2	8.72
2497	166	1015	206	3	40.35
2498	153	1018	204	9	32.67
2499	200	1004	208	2	38.08
2500	242	1009	205	5	165.45
2501	121	1020	209	8	68.88
2502	77	1007	201	9	69.66
2503	98	1004	202	2	38.08
2504	336	1007	206	2	15.48
2505	5	1019	205	3	77.73
2506	156	1016	208	2	10.78
2507	271	1003	208	2	33.30
2508	79	1006	208	2	45.40
2509	175	1003	205	3	49.95
2510	3	1007	202	9	69.66
2511	239	1018	208	3	10.89
2512	268	1015	206	8	107.60
2513	268	1004	208	9	171.36
2514	202	1006	206	1	22.70
2515	194	1007	206	1	7.74
2516	165	1008	204	6	28.56
2517	64	1018	206	6	21.78
2518	330	1013	201	4	17.44
2519	20	1018	201	9	32.67
2520	221	1016	204	5	26.95
2521	350	1018	201	5	18.15
2522	261	1017	209	9	130.77
2523	70	1018	207	8	29.04
2524	135	1007	201	5	38.70
2525	270	1020	203	7	60.27
2526	239	1002	202	1	7.20
2527	185	1010	206	8	241.44
2528	63	1008	206	6	28.56
2529	127	1010	206	3	90.54
2530	171	1006	204	4	90.80
2531	22	1011	202	2	57.72
2532	27	1011	205	5	144.30
2533	37	1019	208	5	129.55
2534	261	1006	204	5	113.50
2535	246	1008	203	8	38.08
2536	191	1005	204	7	21.63
2537	52	1003	208	1	16.65
2538	227	1007	202	3	23.22
2539	111	1015	207	9	121.05
2540	133	1003	202	9	149.85
2541	335	1001	206	7	179.27
2542	34	1007	203	3	23.22
2543	235	1001	203	2	51.22
2544	194	1016	209	4	21.56
2545	43	1017	210	8	116.24
2546	5	1013	206	2	8.72
2547	214	1018	206	6	21.78
2548	54	1015	207	3	40.35
2549	13	1007	206	8	61.92
2550	282	1006	210	9	204.30
2551	261	1002	209	8	57.60
2552	36	1002	202	9	64.80
2553	181	1005	210	3	9.27
2554	97	1005	206	5	15.45
2555	130	1020	204	6	51.66
2556	37	1012	203	5	44.75
2557	179	1011	202	1	28.86
2558	318	1007	205	4	30.96
2559	212	1014	210	8	139.04
2560	131	1004	203	1	19.04
2561	294	1007	204	4	30.96
2562	233	1018	202	5	18.15
2563	120	1002	209	4	28.80
2564	171	1001	208	5	128.05
2565	53	1015	204	1	13.45
2566	95	1010	210	5	150.90
2567	62	1007	208	2	15.48
2568	50	1019	208	6	155.46
2569	224	1001	204	5	128.05
2570	184	1002	203	6	43.20
2571	271	1018	207	3	10.89
2572	231	1015	208	4	53.80
2573	127	1018	202	1	3.63
2574	93	1003	208	1	16.65
2575	73	1012	206	7	62.65
2576	183	1003	204	8	133.20
2577	34	1006	204	1	22.70
2578	94	1001	209	7	179.27
2579	131	1004	205	3	57.12
2580	171	1004	202	7	133.28
2581	162	1017	203	8	116.24
2582	213	1016	203	4	21.56
2583	292	1001	210	9	230.49
2584	207	1001	210	4	102.44
2585	324	1013	203	7	30.52
2586	27	1016	208	9	48.51
2587	34	1003	201	5	83.25
2588	83	1019	210	5	129.55
2589	229	1016	201	8	43.12
2590	332	1009	206	7	231.63
2591	14	1014	202	3	52.14
2592	171	1017	207	5	72.65
2593	95	1003	202	6	99.90
2594	326	1010	204	7	211.26
2595	192	1005	203	9	27.81
2596	115	1020	210	2	17.22
2597	333	1015	201	7	94.15
2598	192	1013	202	4	17.44
2599	314	1018	201	1	3.63
2600	179	1001	210	7	179.27
2601	34	1003	206	1	16.65
2602	5	1011	203	6	173.16
2603	363	1002	207	5	36.00
2604	37	1017	208	3	43.59
2605	7	1019	206	1	25.91
2606	241	1017	201	6	87.18
2607	159	1020	203	5	43.05
2608	252	1009	202	5	165.45
2609	174	1015	204	1	13.45
2610	139	1020	209	6	51.66
2611	223	1009	203	3	99.27
2612	119	1017	203	2	29.06
2613	178	1013	203	6	26.16
2614	217	1019	203	6	155.46
2615	280	1016	208	6	32.34
2616	284	1002	210	1	7.20
2617	93	1014	210	8	139.04
2618	221	1014	203	3	52.14
2619	111	1015	208	7	94.15
2620	182	1017	207	9	130.77
2621	182	1005	205	8	24.72
2622	36	1013	206	6	26.16
2623	227	1019	205	4	103.64
2624	336	1007	202	8	61.92
2625	192	1013	203	7	30.52
2626	102	1007	209	2	15.48
2627	15	1014	203	4	69.52
2628	141	1009	205	2	66.18
2629	257	1014	202	6	104.28
2630	171	1004	210	4	76.16
2631	31	1009	203	3	99.27
2632	182	1010	204	6	181.08
2633	172	1010	203	2	60.36
2634	255	1017	210	4	58.12
2635	331	1011	206	9	259.74
2636	7	1005	203	6	18.54
2637	252	1013	202	3	13.08
2638	16	1001	206	4	102.44
2639	155	1006	204	3	68.10
2640	325	1012	206	4	35.80
2641	125	1006	204	6	136.20
2642	86	1016	207	3	16.17
2643	125	1014	202	4	69.52
2644	225	1016	210	5	26.95
2645	56	1015	205	6	80.70
2646	165	1006	208	4	90.80
2647	3	1017	207	9	130.77
2648	343	1007	201	9	69.66
2649	279	1018	205	2	7.26
2650	183	1017	210	5	72.65
2651	326	1008	203	3	14.28
2652	345	1002	210	7	50.40
2653	124	1014	205	9	156.42
2654	317	1008	203	8	38.08
2655	96	1001	210	9	230.49
2656	95	1012	210	4	35.80
2657	353	1017	209	2	29.06
2658	305	1005	207	6	18.54
2659	254	1002	201	7	50.40
2660	158	1005	207	5	15.45
2661	93	1018	206	8	29.04
2662	349	1016	208	1	5.39
2663	332	1019	209	7	181.37
2664	160	1014	203	1	17.38
2665	188	1012	210	5	44.75
2666	344	1016	206	5	26.95
2667	233	1014	202	4	69.52
2668	164	1012	206	2	17.90
2669	282	1001	202	4	102.44
2670	193	1012	209	1	8.95
2671	262	1019	203	5	129.55
2672	351	1016	210	6	32.34
2673	243	1020	209	6	51.66
2674	223	1019	207	4	103.64
2675	315	1013	204	8	34.88
2676	63	1009	209	2	66.18
2677	289	1013	205	5	21.80
2678	291	1012	208	1	8.95
2679	254	1005	208	9	27.81
2680	350	1009	210	6	198.54
2681	320	1006	202	3	68.10
2682	203	1017	201	9	130.77
2683	330	1013	204	5	21.80
2684	173	1013	204	7	30.52
2685	222	1004	201	3	57.12
2686	109	1012	201	5	44.75
2687	101	1014	205	5	86.90
2688	252	1012	210	4	35.80
2689	308	1009	201	9	297.81
2690	83	1006	207	4	90.80
2691	205	1005	206	1	3.09
2692	233	1011	201	7	202.02
2693	347	1017	207	5	72.65
2694	81	1003	207	2	33.30
2695	208	1004	210	6	114.24
2696	163	1015	210	8	107.60
2697	307	1008	202	9	42.84
2698	60	1005	203	1	3.09
2699	86	1009	208	3	99.27
2700	131	1012	201	6	53.70
2701	113	1012	201	6	53.70
2702	22	1015	207	3	40.35
2703	349	1007	201	8	61.92
2704	1	1006	207	9	204.30
2705	360	1013	204	3	13.08
2706	178	1004	206	4	76.16
2707	62	1008	205	3	14.28
2708	344	1003	209	1	16.65
2709	308	1005	205	8	24.72
2710	299	1016	205	6	32.34
2711	142	1015	205	5	67.25
2712	295	1017	201	4	58.12
2713	309	1015	208	1	13.45
2714	208	1020	207	6	51.66
2715	8	1007	201	9	69.66
2716	311	1004	202	7	133.28
2717	38	1010	208	6	181.08
2718	315	1006	205	2	45.40
2719	4	1008	210	7	33.32
2720	149	1014	207	7	121.66
2721	234	1010	204	1	30.18
2722	332	1003	207	2	33.30
2723	65	1015	204	2	26.90
2724	114	1020	209	1	8.61
2725	278	1002	207	5	36.00
2726	286	1018	204	5	18.15
2727	180	1009	205	1	33.09
2728	123	1009	208	3	99.27
2729	241	1001	205	2	51.22
2730	282	1019	202	1	25.91
2731	315	1013	207	1	4.36
2732	35	1015	202	2	26.90
2733	295	1015	202	4	53.80
2734	349	1012	202	4	35.80
2735	36	1002	210	2	14.40
2736	296	1011	210	8	230.88
2737	278	1011	201	2	57.72
2738	88	1005	206	3	9.27
2739	228	1014	209	8	139.04
2740	207	1013	203	8	34.88
2741	42	1003	201	9	149.85
2742	131	1006	202	3	68.10
2743	89	1004	202	9	171.36
2744	163	1005	202	9	27.81
2745	291	1013	204	4	17.44
2746	117	1002	204	4	28.80
2747	315	1019	201	1	25.91
2748	266	1006	203	2	45.40
2749	328	1013	204	3	13.08
2750	46	1004	207	3	57.12
2751	156	1014	208	4	69.52
2752	41	1011	207	5	144.30
2753	148	1002	203	1	7.20
2754	258	1003	202	1	16.65
2755	228	1006	210	3	68.10
2756	173	1018	209	5	18.15
2757	177	1019	202	7	181.37
2758	304	1019	205	7	181.37
2759	222	1018	206	9	32.67
2760	25	1013	204	6	26.16
2761	145	1004	202	1	19.04
2762	331	1005	206	4	12.36
2763	340	1004	201	5	95.20
2764	14	1014	201	6	104.28
2765	231	1008	205	9	42.84
2766	174	1003	203	8	133.20
2767	288	1009	210	7	231.63
2768	333	1007	207	9	69.66
2769	199	1012	204	1	8.95
2770	205	1007	208	6	46.44
2771	122	1006	204	8	181.60
2772	219	1017	206	5	72.65
2773	80	1010	206	2	60.36
2774	128	1003	202	6	99.90
2775	261	1020	206	7	60.27
2776	190	1004	203	9	171.36
2777	359	1018	202	4	14.52
2778	317	1010	207	6	181.08
2779	322	1020	208	5	43.05
2780	4	1004	205	5	95.20
2781	340	1001	204	6	153.66
2782	360	1011	208	6	173.16
2783	74	1005	210	6	18.54
2784	105	1003	202	3	49.95
2785	209	1002	209	8	57.60
2786	160	1020	207	8	68.88
2787	266	1017	207	4	58.12
2788	91	1015	206	6	80.70
2789	309	1013	206	9	39.24
2790	269	1007	210	4	30.96
2791	259	1009	206	7	231.63
2792	224	1007	201	5	38.70
2793	74	1015	206	3	40.35
2794	360	1009	204	6	198.54
2795	171	1013	206	5	21.80
2796	12	1017	204	5	72.65
2797	147	1008	209	2	9.52
2798	185	1018	206	8	29.04
2799	236	1005	201	6	18.54
2800	126	1006	203	6	136.20
2801	56	1003	204	6	99.90
2802	38	1013	204	6	26.16
2803	245	1001	210	5	128.05
2804	187	1006	202	6	136.20
2805	289	1018	209	5	18.15
2806	189	1017	206	6	87.18
2807	243	1013	210	7	30.52
2808	7	1005	202	7	21.63
2809	52	1004	201	8	152.32
2810	264	1019	203	4	103.64
2811	174	1019	201	9	233.19
2812	353	1005	204	8	24.72
2813	118	1013	210	1	4.36
2814	325	1016	209	9	48.51
2815	75	1016	201	6	32.34
2816	170	1007	201	5	38.70
2817	361	1010	205	3	90.54
2818	86	1019	204	5	129.55
2819	234	1013	208	5	21.80
2820	94	1012	208	8	71.60
2821	205	1018	206	2	7.26
2822	154	1007	208	7	54.18
2823	279	1018	205	8	29.04
2824	212	1005	205	3	9.27
2825	358	1018	202	3	10.89
2826	242	1016	202	6	32.34
2827	262	1014	204	2	34.76
2828	247	1018	205	5	18.15
2829	184	1010	205	8	241.44
2830	31	1018	206	2	7.26
2831	189	1005	205	3	9.27
2832	299	1008	210	1	4.76
2833	232	1003	202	6	99.90
2834	179	1014	202	8	139.04
2835	5	1001	202	3	76.83
2836	280	1009	204	3	99.27
2837	328	1014	204	4	69.52
2838	127	1011	208	8	230.88
2839	111	1017	204	9	130.77
2840	275	1014	209	6	104.28
2841	37	1015	208	2	26.90
2842	338	1008	209	8	38.08
2843	332	1003	203	2	33.30
2844	109	1018	206	2	7.26
2845	191	1009	201	8	264.72
2846	94	1019	205	3	77.73
2847	279	1003	201	4	66.60
2848	148	1016	206	1	5.39
2849	27	1013	209	8	34.88
2850	25	1015	209	4	53.80
2851	73	1009	207	9	297.81
2852	249	1011	208	2	57.72
2853	346	1013	207	5	21.80
2854	12	1003	205	5	83.25
2855	341	1019	208	2	51.82
2856	4	1019	201	8	207.28
2857	24	1010	201	2	60.36
2858	37	1003	205	1	16.65
2859	288	1017	209	2	29.06
2860	103	1009	202	5	165.45
2861	318	1019	202	7	181.37
2862	271	1007	203	7	54.18
2863	205	1020	204	1	8.61
2864	122	1020	204	5	43.05
2865	60	1020	201	1	8.61
2866	200	1015	204	3	40.35
2867	84	1005	202	1	3.09
2868	128	1014	210	7	121.66
2869	204	1018	210	7	25.41
2870	42	1020	205	2	17.22
2871	49	1013	201	8	34.88
2872	119	1007	206	6	46.44
2873	293	1009	204	4	132.36
2874	150	1017	204	1	14.53
2875	19	1019	209	3	77.73
2876	266	1009	204	1	33.09
2877	105	1020	206	3	25.83
2878	24	1004	208	3	57.12
2879	45	1020	210	4	34.44
2880	257	1013	209	7	30.52
2881	324	1004	201	7	133.28
2882	175	1018	206	1	3.63
2883	267	1004	201	6	114.24
2884	161	1015	206	4	53.80
2885	257	1014	210	7	121.66
2886	202	1004	201	1	19.04
2887	359	1006	209	6	136.20
2888	268	1020	208	6	51.66
2889	232	1010	208	6	181.08
2890	102	1016	202	8	43.12
2891	165	1014	207	4	69.52
2892	319	1013	204	8	34.88
2893	72	1003	207	7	116.55
2894	288	1006	210	9	204.30
2895	154	1017	202	6	87.18
2896	120	1008	201	6	28.56
2897	309	1001	207	5	128.05
2898	156	1016	209	7	37.73
2899	210	1020	203	6	51.66
2900	217	1016	202	4	21.56
2901	57	1007	206	5	38.70
2902	297	1005	206	8	24.72
2903	297	1004	201	1	19.04
2904	15	1009	204	9	297.81
2905	138	1018	210	9	32.67
2906	45	1005	209	7	21.63
2907	118	1006	210	4	90.80
2908	289	1001	207	4	102.44
2909	116	1019	204	6	155.46
2910	89	1020	209	7	60.27
2911	164	1014	207	7	121.66
2912	107	1002	204	1	7.20
2913	313	1009	203	5	165.45
2914	230	1003	206	8	133.20
2915	363	1019	206	6	155.46
2916	139	1015	209	3	40.35
2917	66	1010	205	6	181.08
2918	347	1006	209	6	136.20
2919	314	1008	207	5	23.80
2920	187	1018	208	9	32.67
2921	359	1010	201	7	211.26
2922	64	1017	201	1	14.53
2923	278	1016	206	8	43.12
2924	109	1012	203	3	26.85
2925	299	1018	208	9	32.67
2926	76	1008	208	1	4.76
2927	184	1020	203	7	60.27
2928	9	1013	207	5	21.80
2929	242	1004	209	2	38.08
2930	101	1003	204	1	16.65
2931	218	1011	205	4	115.44
2932	45	1019	205	1	25.91
2933	51	1010	209	9	271.62
2934	139	1009	210	7	231.63
2935	230	1002	205	6	43.20
2936	32	1012	204	9	80.55
2937	338	1012	202	5	44.75
2938	271	1017	206	2	29.06
2939	221	1001	204	8	204.88
2940	53	1016	207	3	16.17
2941	36	1006	207	7	158.90
2942	11	1009	210	8	264.72
2943	129	1016	204	2	10.78
2944	156	1007	206	2	15.48
2945	180	1011	203	7	202.02
2946	231	1008	207	9	42.84
2947	9	1002	206	8	57.60
2948	179	1019	203	8	207.28
2949	47	1018	210	4	14.52
2950	89	1013	207	4	17.44
2951	169	1019	201	5	129.55
2952	174	1007	203	5	38.70
2953	166	1015	207	8	107.60
2954	340	1004	204	9	171.36
2955	15	1016	210	4	21.56
2956	151	1020	204	6	51.66
2957	293	1010	208	3	90.54
2958	350	1010	204	8	241.44
2959	151	1019	204	9	233.19
2960	328	1012	207	5	44.75
2961	128	1017	203	8	116.24
2962	338	1012	204	5	44.75
2963	322	1012	201	4	35.80
2964	357	1018	201	6	21.78
2965	39	1007	203	2	15.48
2966	341	1016	202	9	48.51
2967	159	1020	204	8	68.88
2968	314	1003	201	1	16.65
2969	240	1014	201	8	139.04
2970	46	1015	209	8	107.60
2971	255	1001	204	2	51.22
2972	181	1015	207	2	26.90
2973	12	1003	202	6	99.90
2974	197	1017	205	6	87.18
2975	147	1016	210	8	43.12
2976	138	1011	208	7	202.02
2977	334	1008	207	7	33.32
2978	4	1007	206	7	54.18
2979	7	1015	203	2	26.90
2980	258	1016	207	7	37.73
2981	165	1011	208	5	144.30
2982	249	1019	203	9	233.19
2983	165	1001	208	8	204.88
2984	307	1010	202	2	60.36
2985	216	1001	203	1	25.61
2986	267	1006	207	4	90.80
2987	44	1005	201	8	24.72
2988	267	1012	208	5	44.75
2989	223	1006	210	3	68.10
2990	28	1006	205	3	68.10
2991	50	1009	208	8	264.72
2992	274	1005	204	9	27.81
2993	248	1016	207	9	48.51
2994	86	1003	208	4	66.60
2995	1	1012	210	3	26.85
2996	313	1003	210	3	49.95
2997	134	1002	207	5	36.00
2998	183	1002	209	2	14.40
2999	262	1005	206	8	24.72
3000	248	1011	201	7	202.02
3001	346	1012	209	5	44.75
3002	2	1008	206	6	28.56
3003	107	1014	201	3	52.14
3004	99	1017	208	4	58.12
3005	65	1014	205	4	69.52
3006	116	1002	207	5	36.00
3007	184	1013	204	1	4.36
3008	347	1013	209	2	8.72
3009	116	1010	207	6	181.08
3010	2	1002	205	5	36.00
3011	155	1016	205	1	5.39
3012	162	1006	205	6	136.20
3013	281	1010	202	1	30.18
3014	6	1020	208	2	17.22
3015	286	1003	209	6	99.90
3016	100	1004	203	6	114.24
3017	361	1002	203	7	50.40
3018	258	1009	210	6	198.54
3019	256	1010	206	4	120.72
3020	194	1012	204	4	35.80
3021	326	1018	204	6	21.78
3022	18	1004	206	2	38.08
3023	253	1012	207	4	35.80
3024	101	1016	203	9	48.51
3025	237	1016	202	4	21.56
3026	46	1008	210	5	23.80
3027	204	1015	203	5	67.25
3028	301	1005	201	4	12.36
3029	349	1014	207	3	52.14
3030	231	1016	206	7	37.73
3031	47	1020	201	4	34.44
3032	129	1012	205	8	71.60
3033	38	1015	206	5	67.25
3034	131	1005	208	6	18.54
3035	98	1008	202	5	23.80
3036	319	1003	210	4	66.60
3037	210	1014	204	1	17.38
3038	174	1009	202	7	231.63
3039	190	1012	204	9	80.55
3040	312	1020	201	7	60.27
3041	208	1005	208	1	3.09
3042	115	1008	210	2	9.52
3043	336	1005	201	4	12.36
3044	144	1009	207	4	132.36
3045	324	1020	205	1	8.61
3046	215	1013	202	3	13.08
3047	301	1013	204	2	8.72
3048	237	1001	203	1	25.61
3049	258	1009	205	8	264.72
3050	309	1010	209	3	90.54
3051	267	1013	201	5	21.80
3052	169	1005	204	9	27.81
3053	19	1014	202	5	86.90
3054	353	1013	201	4	17.44
3055	210	1003	204	7	116.55
3056	123	1008	209	2	9.52
3057	89	1008	201	2	9.52
3058	168	1005	207	3	9.27
3059	78	1007	206	7	54.18
3060	77	1005	203	1	3.09
3061	335	1010	210	2	60.36
3062	89	1012	202	4	35.80
3063	196	1005	203	7	21.63
3064	266	1006	209	3	68.10
3065	365	1011	205	1	28.86
3066	24	1019	201	1	25.91
3067	361	1008	205	3	14.28
3068	123	1018	210	7	25.41
3069	242	1014	208	9	156.42
3070	267	1016	204	3	16.17
3071	217	1010	209	2	60.36
3072	135	1011	201	1	28.86
3073	66	1006	206	3	68.10
3074	348	1006	203	6	136.20
3075	137	1016	208	7	37.73
3076	209	1013	204	2	8.72
3077	31	1016	206	8	43.12
3078	349	1008	201	5	23.80
3079	89	1010	208	1	30.18
3080	199	1008	208	8	38.08
3081	102	1019	202	5	129.55
3082	1	1006	202	4	90.80
3083	26	1013	210	7	30.52
3084	257	1013	209	8	34.88
3085	34	1004	201	2	38.08
3086	297	1015	205	1	13.45
3087	125	1018	203	8	29.04
3088	22	1004	203	5	95.20
3089	64	1003	207	5	83.25
3090	339	1001	201	2	51.22
3091	342	1019	204	1	25.91
3092	139	1004	208	9	171.36
3093	304	1005	202	3	9.27
3094	344	1013	201	8	34.88
3095	363	1005	208	6	18.54
3096	313	1006	201	2	45.40
3097	2	1003	202	6	99.90
3098	200	1019	206	4	103.64
3099	64	1004	203	2	38.08
3100	157	1016	209	5	26.95
3101	50	1002	204	2	14.40
3102	111	1004	202	4	76.16
3103	327	1003	202	4	66.60
3104	113	1010	206	9	271.62
3105	81	1020	206	8	68.88
3106	30	1001	204	8	204.88
3107	194	1002	202	4	28.80
3108	22	1015	203	7	94.15
3109	68	1011	207	6	173.16
3110	108	1020	206	9	77.49
3111	335	1005	206	5	15.45
3112	191	1006	208	4	90.80
3113	285	1006	203	5	113.50
3114	281	1011	206	6	173.16
3115	10	1009	204	1	33.09
3116	312	1004	207	1	19.04
3117	105	1011	208	3	86.58
3118	42	1012	206	3	26.85
3119	34	1004	201	5	95.20
3120	8	1014	202	6	104.28
3121	270	1008	208	5	23.80
3122	253	1008	201	2	9.52
3123	54	1005	201	5	15.45
3124	204	1020	205	6	51.66
3125	215	1013	210	4	17.44
3126	322	1005	204	3	9.27
3127	223	1016	207	5	26.95
3128	355	1001	207	6	153.66
3129	294	1020	201	7	60.27
3130	324	1002	204	5	36.00
3131	365	1003	207	8	133.20
3132	42	1005	203	5	15.45
3133	26	1015	203	4	53.80
3134	349	1001	207	2	51.22
3135	300	1013	206	3	13.08
3136	58	1012	203	1	8.95
3137	363	1012	207	6	53.70
3138	8	1016	209	5	26.95
3139	144	1008	210	1	4.76
3140	251	1003	202	4	66.60
3141	87	1001	204	5	128.05
3142	128	1014	203	4	69.52
3143	357	1008	207	1	4.76
3144	127	1018	203	2	7.26
3145	283	1003	209	7	116.55
3146	23	1017	206	8	116.24
3147	11	1009	204	9	297.81
3148	213	1013	210	9	39.24
3149	248	1007	204	8	61.92
3150	290	1002	209	4	28.80
3151	314	1001	208	2	51.22
3152	160	1017	207	5	72.65
3153	157	1017	205	3	43.59
3154	64	1001	201	4	102.44
3155	176	1019	201	3	77.73
3156	316	1008	210	9	42.84
3157	46	1010	206	6	181.08
3158	216	1001	202	2	51.22
3159	266	1016	208	1	5.39
3160	231	1013	208	4	17.44
3161	295	1018	204	4	14.52
3162	206	1010	209	3	90.54
3163	268	1018	206	6	21.78
3164	221	1007	201	4	30.96
3165	309	1011	202	3	86.58
3166	95	1003	209	5	83.25
3167	63	1004	202	7	133.28
3168	159	1013	203	6	26.16
3169	345	1020	205	8	68.88
3170	347	1011	207	1	28.86
3171	28	1018	205	5	18.15
3172	339	1004	209	2	38.08
3173	336	1014	207	7	121.66
3174	219	1010	205	1	30.18
3175	8	1020	209	1	8.61
3176	15	1017	201	9	130.77
3177	247	1004	202	5	95.20
3178	108	1009	210	4	132.36
3179	100	1020	206	4	34.44
3180	326	1019	205	1	25.91
3181	195	1012	209	3	26.85
3182	347	1014	205	4	69.52
3183	188	1016	202	8	43.12
3184	330	1016	201	9	48.51
3185	339	1011	205	1	28.86
3186	118	1019	203	1	25.91
3187	68	1013	202	7	30.52
3188	170	1018	208	7	25.41
3189	356	1017	205	9	130.77
3190	248	1019	203	1	25.91
3191	247	1005	206	9	27.81
3192	305	1005	205	9	27.81
3193	353	1006	208	8	181.60
3194	294	1017	209	8	116.24
3195	214	1016	202	1	5.39
3196	7	1014	202	5	86.90
3197	97	1015	201	7	94.15
3198	249	1011	208	5	144.30
3199	116	1018	204	9	32.67
3200	322	1016	207	7	37.73
3201	57	1002	209	3	21.60
3202	97	1009	206	2	66.18
3203	64	1016	209	6	32.34
3204	34	1012	207	2	17.90
3205	228	1001	206	1	25.61
3206	45	1014	206	3	52.14
3207	98	1017	204	9	130.77
3208	362	1011	204	4	115.44
3209	259	1008	204	7	33.32
3210	43	1007	210	9	69.66
3211	276	1020	202	6	51.66
3212	225	1018	202	5	18.15
3213	209	1011	203	7	202.02
3214	202	1019	205	2	51.82
3215	6	1007	209	8	61.92
3216	106	1005	210	2	6.18
3217	98	1018	201	4	14.52
3218	342	1014	201	3	52.14
3219	198	1006	206	3	68.10
3220	230	1010	207	5	150.90
3221	298	1012	205	9	80.55
3222	198	1019	206	9	233.19
3223	68	1005	203	6	18.54
3224	46	1001	206	4	102.44
3225	276	1011	202	3	86.58
3226	131	1006	203	9	204.30
3227	57	1004	208	3	57.12
3228	324	1013	206	8	34.88
3229	54	1017	204	6	87.18
3230	155	1012	209	4	35.80
3231	335	1020	206	9	77.49
3232	262	1009	208	4	132.36
3233	200	1014	208	2	34.76
3234	214	1017	202	7	101.71
3235	133	1003	208	7	116.55
3236	124	1011	203	2	57.72
3237	296	1004	208	9	171.36
3238	328	1010	204	5	150.90
3239	114	1016	204	2	10.78
3240	39	1007	203	7	54.18
3241	328	1013	208	7	30.52
3242	318	1020	206	9	77.49
3243	205	1015	210	7	94.15
3244	36	1008	203	8	38.08
3245	353	1012	207	5	44.75
3246	201	1006	206	2	45.40
3247	204	1018	209	6	21.78
3248	146	1007	203	2	15.48
3249	41	1014	203	8	139.04
3250	148	1011	207	6	173.16
3251	354	1009	204	8	264.72
3252	342	1002	203	7	50.40
3253	92	1011	207	7	202.02
3254	44	1012	208	4	35.80
3255	321	1017	210	1	14.53
3256	42	1008	209	8	38.08
3257	154	1015	202	5	67.25
3258	44	1007	208	7	54.18
3259	147	1013	204	8	34.88
3260	132	1003	201	7	116.55
3261	130	1009	206	6	198.54
3262	113	1016	207	9	48.51
3263	14	1008	203	1	4.76
3264	361	1015	202	1	13.45
3265	308	1007	208	3	23.22
3266	224	1019	203	4	103.64
3267	77	1017	201	1	14.53
3268	352	1008	201	5	23.80
3269	68	1017	206	7	101.71
3270	120	1008	206	7	33.32
3271	188	1014	207	9	156.42
3272	46	1019	204	8	207.28
3273	83	1017	207	6	87.18
3274	63	1017	201	6	87.18
3275	274	1017	203	2	29.06
3276	286	1009	205	6	198.54
3277	32	1009	202	4	132.36
3278	212	1006	203	5	113.50
3279	230	1019	203	6	155.46
3280	147	1017	204	9	130.77
3281	339	1010	210	3	90.54
3282	17	1011	203	2	57.72
3283	282	1002	203	4	28.80
3284	354	1017	202	9	130.77
3285	73	1017	207	4	58.12
3286	168	1013	205	7	30.52
3287	213	1020	203	4	34.44
3288	11	1009	205	9	297.81
3289	17	1007	202	7	54.18
3290	139	1002	208	7	50.40
3291	40	1005	201	1	3.09
3292	30	1019	203	1	25.91
3293	264	1010	205	8	241.44
3294	96	1003	205	2	33.30
3295	158	1002	206	1	7.20
3296	110	1020	209	1	8.61
3297	189	1014	202	1	17.38
3298	267	1014	202	6	104.28
3299	349	1020	202	5	43.05
3300	218	1016	202	9	48.51
3301	279	1018	203	1	3.63
3302	204	1003	207	2	33.30
3303	196	1014	208	1	17.38
3304	135	1019	205	4	103.64
3305	159	1015	208	9	121.05
3306	103	1015	205	8	107.60
3307	309	1017	208	9	130.77
3308	308	1015	210	8	107.60
3309	197	1004	208	1	19.04
3310	258	1002	206	6	43.20
3311	68	1002	208	7	50.40
3312	227	1014	205	9	156.42
3313	365	1011	203	1	28.86
3314	225	1006	205	9	204.30
3315	298	1005	201	1	3.09
3316	341	1005	201	1	3.09
3317	78	1004	209	9	171.36
3318	310	1012	201	7	62.65
3319	66	1006	203	8	181.60
3320	302	1005	206	6	18.54
3321	175	1005	203	3	9.27
3322	290	1017	203	9	130.77
3323	302	1020	201	7	60.27
3324	328	1010	202	9	271.62
3325	260	1014	209	9	156.42
3326	126	1009	204	2	66.18
3327	235	1017	205	8	116.24
3328	352	1020	207	3	25.83
3329	291	1009	208	5	165.45
3330	114	1006	206	6	136.20
3331	345	1005	204	3	9.27
3332	120	1007	202	4	30.96
3333	207	1014	203	4	69.52
3334	190	1004	205	3	57.12
3335	17	1008	209	9	42.84
3336	250	1001	204	1	25.61
3337	35	1001	210	2	51.22
3338	251	1019	203	8	207.28
3339	93	1020	206	7	60.27
3340	355	1005	202	9	27.81
3341	111	1013	201	4	17.44
3342	51	1018	210	3	10.89
3343	33	1002	209	8	57.60
3344	88	1010	205	3	90.54
3345	210	1017	209	2	29.06
3346	32	1017	205	8	116.24
3347	165	1020	202	8	68.88
3348	99	1011	208	8	230.88
3349	22	1015	208	4	53.80
3350	42	1013	201	1	4.36
3351	284	1003	207	1	16.65
3352	357	1016	206	1	5.39
3353	333	1006	206	2	45.40
3354	293	1016	209	8	43.12
3355	164	1010	207	8	241.44
3356	110	1011	202	8	230.88
3357	64	1016	206	6	32.34
3358	121	1013	209	8	34.88
3359	358	1016	202	5	26.95
3360	92	1006	209	7	158.90
3361	128	1011	210	6	173.16
3362	124	1019	203	1	25.91
3363	227	1004	208	1	19.04
3364	330	1013	208	4	17.44
3365	242	1009	201	2	66.18
3366	261	1006	201	4	90.80
3367	330	1018	206	1	3.63
3368	136	1005	205	9	27.81
3369	242	1003	206	2	33.30
3370	65	1019	210	6	155.46
3371	26	1012	209	4	35.80
3372	182	1005	201	7	21.63
3373	101	1020	202	1	8.61
3374	97	1001	208	4	102.44
3375	262	1020	208	5	43.05
3376	247	1003	208	8	133.20
3377	58	1009	202	7	231.63
3378	309	1019	201	2	51.82
3379	238	1005	207	5	15.45
3380	173	1015	205	1	13.45
3381	34	1011	205	5	144.30
3382	163	1018	204	5	18.15
3383	205	1015	206	2	26.90
3384	181	1010	208	9	271.62
3385	218	1007	203	7	54.18
3386	311	1009	208	3	99.27
3387	157	1020	203	7	60.27
3388	286	1020	203	9	77.49
3389	179	1013	206	6	26.16
3390	28	1015	209	9	121.05
3391	150	1016	208	2	10.78
3392	155	1005	206	8	24.72
3393	246	1013	207	6	26.16
3394	62	1003	202	3	49.95
3395	15	1014	208	3	52.14
3396	296	1019	207	4	103.64
3397	197	1018	209	3	10.89
3398	208	1020	202	6	51.66
3399	262	1004	202	5	95.20
3400	49	1009	204	5	165.45
3401	72	1013	210	2	8.72
3402	149	1004	201	5	95.20
3403	291	1014	210	4	69.52
3404	89	1001	205	2	51.22
3405	329	1009	210	8	264.72
3406	148	1017	207	8	116.24
3407	315	1020	209	5	43.05
3408	312	1017	202	7	101.71
3409	202	1014	203	5	86.90
3410	327	1018	208	5	18.15
3411	149	1012	207	3	26.85
3412	163	1016	210	3	16.17
3413	172	1006	204	3	68.10
3414	123	1007	208	9	69.66
3415	324	1002	204	4	28.80
3416	124	1004	204	8	152.32
3417	357	1004	201	2	38.08
3418	263	1018	202	6	21.78
3419	58	1020	203	7	60.27
3420	54	1006	207	4	90.80
3421	256	1005	210	6	18.54
3422	252	1009	207	1	33.09
3423	128	1020	201	2	17.22
3424	349	1017	210	7	101.71
3425	196	1006	201	6	136.20
3426	243	1005	202	1	3.09
3427	26	1015	202	9	121.05
3428	176	1015	205	8	107.60
3429	43	1014	202	8	139.04
3430	173	1017	207	4	58.12
3431	171	1003	204	7	116.55
3432	41	1011	201	2	57.72
3433	24	1001	205	5	128.05
3434	45	1009	206	4	132.36
3435	107	1012	206	8	71.60
3436	278	1013	202	6	26.16
3437	271	1002	206	6	43.20
3438	102	1007	201	7	54.18
3439	52	1014	207	7	121.66
3440	160	1013	207	5	21.80
3441	165	1015	205	4	53.80
3442	158	1004	207	3	57.12
3443	303	1006	201	6	136.20
3444	276	1008	209	5	23.80
3445	86	1015	208	9	121.05
3446	2	1013	208	7	30.52
3447	160	1013	203	5	21.80
3448	161	1008	210	7	33.32
3449	317	1003	202	7	116.55
3450	260	1017	210	7	101.71
3451	232	1004	206	6	114.24
3452	353	1011	209	2	57.72
3453	227	1001	206	5	128.05
3454	221	1015	209	9	121.05
3455	223	1018	210	8	29.04
3456	212	1017	207	7	101.71
3457	58	1003	203	7	116.55
3458	339	1011	202	9	259.74
3459	315	1006	202	3	68.10
3460	303	1017	208	3	43.59
3461	259	1002	209	7	50.40
3462	7	1020	203	7	60.27
3463	348	1001	202	5	128.05
3464	232	1011	210	6	173.16
3465	1	1013	209	8	34.88
3466	168	1007	203	7	54.18
3467	294	1019	209	1	25.91
3468	131	1007	210	1	7.74
3469	175	1013	201	6	26.16
3470	158	1018	204	4	14.52
3471	318	1020	209	8	68.88
3472	6	1010	202	1	30.18
3473	247	1007	207	4	30.96
3474	168	1019	206	9	233.19
3475	208	1016	210	9	48.51
3476	242	1018	206	3	10.89
3477	81	1016	209	4	21.56
3478	71	1001	201	2	51.22
3479	331	1018	204	9	32.67
3480	308	1004	210	3	57.12
3481	13	1014	206	7	121.66
3482	342	1017	205	6	87.18
3483	130	1010	204	7	211.26
3484	174	1018	204	7	25.41
3485	60	1005	202	6	18.54
3486	206	1003	204	8	133.20
3487	167	1009	203	6	198.54
3488	139	1020	204	1	8.61
3489	337	1018	206	5	18.15
3490	122	1020	209	7	60.27
3491	87	1015	201	8	107.60
3492	59	1019	208	2	51.82
3493	317	1004	202	8	152.32
3494	356	1019	203	7	181.37
3495	195	1017	201	2	29.06
3496	170	1019	202	7	181.37
3497	235	1010	207	3	90.54
3498	227	1014	206	8	139.04
3499	35	1012	210	8	71.60
3500	30	1006	209	9	204.30
3501	208	1020	204	4	34.44
3502	95	1014	201	9	156.42
3503	160	1005	204	9	27.81
3504	208	1005	207	8	24.72
3505	122	1006	201	2	45.40
3506	106	1007	202	3	23.22
3507	143	1017	204	3	43.59
3508	204	1008	201	5	23.80
3509	80	1003	201	9	149.85
3510	363	1006	207	4	90.80
3511	133	1015	201	5	67.25
3512	79	1018	202	2	7.26
3513	24	1015	204	9	121.05
3514	347	1020	210	3	25.83
3515	241	1005	205	1	3.09
3516	261	1018	206	9	32.67
3517	175	1011	203	1	28.86
3518	163	1005	207	2	6.18
3519	143	1003	210	4	66.60
3520	264	1005	208	6	18.54
3521	73	1006	208	3	68.10
3522	54	1010	203	1	30.18
3523	241	1005	210	4	12.36
3524	185	1009	206	1	33.09
3525	138	1009	204	3	99.27
3526	212	1001	208	3	76.83
3527	281	1002	209	4	28.80
3528	52	1004	206	7	133.28
3529	337	1002	210	9	64.80
3530	243	1005	206	8	24.72
3531	286	1007	209	2	15.48
3532	360	1004	209	5	95.20
3533	345	1009	205	1	33.09
3534	309	1013	204	5	21.80
3535	315	1016	202	1	5.39
3536	170	1016	207	7	37.73
3537	98	1019	210	1	25.91
3538	257	1003	206	1	16.65
3539	242	1010	208	3	90.54
3540	86	1010	209	7	211.26
3541	195	1004	205	4	76.16
3542	293	1004	205	6	114.24
3543	51	1002	205	9	64.80
3544	148	1018	203	1	3.63
3545	176	1017	205	3	43.59
3546	244	1017	210	9	130.77
3547	209	1012	203	9	80.55
3548	268	1002	205	8	57.60
3549	239	1017	206	6	87.18
3550	337	1010	208	5	150.90
3551	335	1011	204	1	28.86
3552	157	1016	201	5	26.95
3553	142	1004	206	4	76.16
3554	79	1004	202	3	57.12
3555	166	1002	204	7	50.40
3556	65	1007	201	7	54.18
3557	60	1020	210	2	17.22
3558	36	1015	209	2	26.90
3559	42	1001	210	3	76.83
3560	363	1020	209	9	77.49
3561	152	1003	204	7	116.55
3562	176	1013	202	4	17.44
3563	170	1011	210	8	230.88
3564	258	1006	203	3	68.10
3565	187	1001	201	1	25.61
3566	305	1015	210	8	107.60
3567	102	1015	206	2	26.90
3568	41	1020	205	7	60.27
3569	242	1013	201	1	4.36
3570	62	1018	208	4	14.52
3571	321	1004	208	3	57.12
3572	255	1005	201	8	24.72
3573	239	1018	201	4	14.52
3574	268	1012	208	8	71.60
3575	23	1008	208	1	4.76
3576	241	1015	205	8	107.60
3577	235	1003	203	4	66.60
3578	305	1006	210	9	204.30
3579	285	1012	208	4	35.80
3580	11	1009	202	3	99.27
3581	266	1005	208	8	24.72
3582	68	1001	204	8	204.88
3583	280	1009	205	7	231.63
3584	16	1013	205	4	17.44
3585	258	1011	204	8	230.88
3586	154	1010	207	7	211.26
3587	153	1015	205	4	53.80
3588	59	1017	202	3	43.59
3589	226	1006	204	3	68.10
3590	330	1012	204	2	17.90
3591	327	1005	203	3	9.27
3592	28	1017	204	2	29.06
3593	49	1013	202	5	21.80
3594	295	1004	209	1	19.04
3595	48	1005	209	6	18.54
3596	292	1007	209	3	23.22
3597	55	1004	201	6	114.24
3598	8	1018	210	4	14.52
3599	137	1009	203	7	231.63
3600	292	1011	209	5	144.30
3601	320	1006	204	2	45.40
3602	310	1018	202	2	7.26
3603	182	1019	206	2	51.82
3604	33	1005	208	1	3.09
3605	286	1005	207	9	27.81
3606	364	1006	201	1	22.70
3607	249	1009	210	1	33.09
3608	188	1009	201	5	165.45
3609	302	1005	204	5	15.45
3610	96	1004	202	5	95.20
3611	71	1004	203	2	38.08
3612	89	1018	206	1	3.63
3613	320	1001	202	2	51.22
3614	71	1011	201	8	230.88
3615	67	1008	203	3	14.28
3616	294	1019	206	9	233.19
3617	224	1018	202	3	10.89
3618	20	1020	207	2	17.22
3619	252	1007	201	3	23.22
3620	44	1002	204	2	14.40
3621	11	1006	209	5	113.50
3622	212	1010	204	5	150.90
3623	250	1005	210	2	6.18
3624	187	1006	210	5	113.50
3625	287	1006	205	2	45.40
3626	29	1001	206	8	204.88
3627	27	1003	206	6	99.90
3628	201	1011	206	1	28.86
3629	111	1011	206	5	144.30
3630	262	1015	206	9	121.05
3631	126	1016	205	8	43.12
3632	258	1019	202	1	25.91
3633	191	1018	204	7	25.41
3634	23	1015	210	6	80.70
3635	22	1017	203	6	87.18
3636	129	1002	209	1	7.20
3637	27	1017	210	9	130.77
3638	304	1016	207	1	5.39
3639	340	1017	206	7	101.71
3640	58	1015	203	2	26.90
3641	207	1015	208	3	40.35
3642	110	1005	207	2	6.18
3643	278	1009	203	1	33.09
3644	348	1018	202	8	29.04
3645	177	1004	204	5	95.20
3646	65	1001	209	6	153.66
3647	293	1013	203	5	21.80
3648	90	1015	207	3	40.35
3649	346	1003	206	2	33.30
3650	224	1007	202	2	15.48
3651	14	1001	202	9	230.49
3652	252	1009	203	3	99.27
3653	306	1014	205	3	52.14
3654	206	1015	201	3	40.35
3655	338	1010	203	8	241.44
3656	196	1003	209	5	83.25
3657	31	1012	206	9	80.55
3658	348	1010	203	9	271.62
3659	137	1019	206	3	77.73
3660	158	1020	201	6	51.66
3661	346	1018	207	6	21.78
3662	18	1015	202	9	121.05
3663	223	1018	205	9	32.67
3664	294	1007	202	4	30.96
3665	83	1004	203	2	38.08
3666	265	1003	210	2	33.30
3667	33	1002	206	5	36.00
3668	59	1004	201	5	95.20
3669	178	1014	201	4	69.52
3670	260	1018	207	1	3.63
3671	56	1019	207	5	129.55
3672	143	1018	210	1	3.63
3673	142	1010	204	9	271.62
3674	327	1005	205	7	21.63
3675	213	1011	202	7	202.02
3676	106	1014	201	9	156.42
3677	12	1011	208	5	144.30
3678	286	1003	205	6	99.90
3679	364	1010	206	7	211.26
3680	342	1006	201	8	181.60
3681	165	1020	204	1	8.61
3682	358	1015	209	4	53.80
3683	32	1018	205	5	18.15
3684	304	1009	204	9	297.81
3685	321	1014	201	9	156.42
3686	181	1010	206	5	150.90
3687	65	1014	209	5	86.90
3688	345	1019	209	7	181.37
3689	102	1012	210	7	62.65
3690	185	1018	205	1	3.63
3691	222	1003	207	1	16.65
3692	332	1016	208	5	26.95
3693	238	1011	210	7	202.02
3694	359	1018	210	7	25.41
3695	145	1014	201	8	139.04
3696	224	1004	209	1	19.04
3697	365	1019	206	4	103.64
3698	29	1015	204	2	26.90
3699	363	1012	202	2	17.90
3700	355	1005	202	6	18.54
3701	294	1018	202	2	7.26
3702	169	1020	205	3	25.83
3703	151	1013	204	1	4.36
3704	135	1015	210	6	80.70
3705	193	1002	209	3	21.60
3706	13	1020	210	4	34.44
3707	364	1012	210	2	17.90
3708	232	1019	210	2	51.82
3709	338	1002	203	7	50.40
3710	91	1004	209	4	76.16
3711	51	1002	206	7	50.40
3712	129	1013	208	3	13.08
3713	290	1015	209	4	53.80
3714	280	1020	205	2	17.22
3715	299	1012	201	9	80.55
3716	60	1009	206	3	99.27
3717	118	1015	201	1	13.45
3718	69	1010	206	7	211.26
3719	312	1020	206	1	8.61
3720	80	1003	209	5	83.25
3721	346	1009	206	8	264.72
3722	5	1009	204	2	66.18
3723	229	1002	207	8	57.60
3724	354	1019	202	7	181.37
3725	293	1002	201	1	7.20
3726	299	1015	204	5	67.25
3727	43	1016	201	1	5.39
3728	312	1009	205	7	231.63
3729	105	1001	208	8	204.88
3730	24	1005	205	3	9.27
3731	324	1003	204	5	83.25
3732	3	1013	201	4	17.44
3733	193	1009	203	3	99.27
3734	338	1016	206	5	26.95
3735	160	1005	210	4	12.36
3736	204	1012	203	8	71.60
3737	225	1004	203	5	95.20
3738	98	1009	203	9	297.81
3739	167	1005	210	6	18.54
3740	13	1016	203	6	32.34
3741	235	1002	206	7	50.40
3742	83	1006	206	7	158.90
3743	56	1008	207	5	23.80
3744	211	1010	207	5	150.90
3745	147	1012	204	7	62.65
3746	39	1008	207	8	38.08
3747	299	1017	201	9	130.77
3748	185	1018	206	5	18.15
3749	322	1014	208	8	139.04
3750	223	1020	208	7	60.27
3751	229	1001	208	5	128.05
3752	344	1004	201	6	114.24
3753	122	1004	204	1	19.04
3754	118	1002	209	2	14.40
3755	354	1019	207	7	181.37
3756	255	1011	209	6	173.16
3757	71	1016	207	4	21.56
3758	161	1004	201	7	133.28
3759	220	1009	206	7	231.63
3760	1	1004	202	2	38.08
3761	10	1018	204	5	18.15
3762	136	1019	210	4	103.64
3763	335	1002	203	8	57.60
3764	308	1015	207	1	13.45
3765	325	1017	205	7	101.71
3766	288	1011	207	8	230.88
3767	351	1015	209	8	107.60
3768	102	1005	203	5	15.45
3769	243	1017	207	8	116.24
3770	76	1016	204	2	10.78
3771	361	1020	201	4	34.44
3772	340	1017	208	3	43.59
3773	327	1012	204	5	44.75
3774	352	1004	206	5	95.20
3775	252	1020	202	5	43.05
3776	104	1005	210	3	9.27
3777	18	1003	202	9	149.85
3778	73	1019	210	5	129.55
3779	360	1011	206	5	144.30
3780	134	1013	207	6	26.16
3781	354	1015	201	7	94.15
3782	196	1020	201	1	8.61
3783	223	1006	203	9	204.30
3784	205	1003	202	4	66.60
3785	363	1015	205	9	121.05
3786	198	1006	205	7	158.90
3787	249	1005	207	9	27.81
3788	327	1008	209	2	9.52
3789	116	1015	207	4	53.80
3790	359	1010	209	4	120.72
3791	159	1019	202	4	103.64
3792	174	1019	206	6	155.46
3793	220	1004	203	7	133.28
3794	29	1007	202	2	15.48
3795	32	1008	206	5	23.80
3796	271	1002	201	2	14.40
3797	362	1016	205	1	5.39
3798	29	1014	205	7	121.66
3799	138	1010	209	3	90.54
3800	66	1013	201	3	13.08
3801	17	1013	204	3	13.08
3802	341	1013	205	6	26.16
3803	228	1007	201	1	7.74
3804	32	1016	210	6	32.34
3805	50	1014	203	8	139.04
3806	322	1012	203	8	71.60
3807	321	1012	203	1	8.95
3808	258	1019	210	9	233.19
3809	278	1012	203	7	62.65
3810	321	1005	201	2	6.18
3811	39	1013	206	6	26.16
3812	97	1001	209	1	25.61
3813	254	1007	210	6	46.44
3814	271	1016	208	7	37.73
3815	269	1015	207	3	40.35
3816	348	1011	202	1	28.86
3817	238	1005	202	1	3.09
3818	15	1009	205	9	297.81
3819	56	1015	203	6	80.70
3820	239	1016	207	7	37.73
3821	229	1020	206	3	25.83
3822	181	1016	206	4	21.56
3823	11	1004	208	5	95.20
3824	340	1007	207	9	69.66
3825	156	1013	210	4	17.44
3826	47	1020	208	4	34.44
3827	243	1010	201	4	120.72
3828	61	1012	205	9	80.55
3829	186	1002	209	5	36.00
3830	219	1009	208	1	33.09
3831	61	1017	209	5	72.65
3832	148	1017	205	4	58.12
3833	126	1009	208	2	66.18
3834	142	1006	204	1	22.70
3835	209	1013	204	5	21.80
3836	54	1013	207	5	21.80
3837	215	1015	203	8	107.60
3838	172	1001	210	6	153.66
3839	157	1006	204	4	90.80
3840	104	1014	206	6	104.28
3841	193	1016	204	6	32.34
3842	85	1011	207	2	57.72
3843	48	1006	205	4	90.80
3844	83	1002	204	3	21.60
3845	110	1010	205	7	211.26
3846	75	1014	206	2	34.76
3847	14	1011	209	2	57.72
3848	48	1002	209	2	14.40
3849	122	1014	205	7	121.66
3850	293	1019	203	9	233.19
3851	306	1009	201	9	297.81
3852	353	1001	207	2	51.22
3853	220	1020	207	9	77.49
3854	348	1011	203	1	28.86
3855	164	1008	202	6	28.56
3856	306	1013	207	9	39.24
3857	216	1015	204	4	53.80
3858	138	1012	201	9	80.55
3859	109	1009	203	7	231.63
3860	351	1015	207	1	13.45
3861	302	1002	202	1	7.20
3862	284	1002	206	5	36.00
3863	288	1010	202	1	30.18
3864	257	1005	208	2	6.18
3865	148	1004	203	9	171.36
3866	271	1001	204	9	230.49
3867	291	1015	205	4	53.80
3868	310	1011	209	9	259.74
3869	259	1004	206	6	114.24
3870	36	1012	206	3	26.85
3871	260	1015	209	1	13.45
3872	155	1011	202	9	259.74
3873	299	1018	210	5	18.15
3874	302	1005	209	5	15.45
3875	11	1014	203	1	17.38
3876	32	1003	208	5	83.25
3877	5	1018	209	2	7.26
3878	161	1007	207	5	38.70
3879	22	1003	201	7	116.55
3880	106	1014	205	4	69.52
3881	49	1017	203	9	130.77
3882	79	1007	210	6	46.44
3883	30	1016	205	7	37.73
3884	211	1018	206	1	3.63
3885	247	1007	203	3	23.22
3886	15	1008	203	7	33.32
3887	163	1010	208	5	150.90
3888	284	1012	202	9	80.55
3889	358	1001	206	6	153.66
3890	361	1013	210	4	17.44
3891	96	1014	209	9	156.42
3892	276	1007	209	3	23.22
3893	152	1019	206	7	181.37
3894	112	1013	206	4	17.44
3895	360	1013	203	9	39.24
3896	264	1016	207	2	10.78
3897	42	1005	207	1	3.09
3898	95	1014	210	4	69.52
3899	9	1020	205	2	17.22
3900	283	1007	203	7	54.18
3901	143	1015	210	4	53.80
3902	145	1001	201	5	128.05
3903	18	1009	209	6	198.54
3904	177	1011	205	5	144.30
3905	11	1008	207	9	42.84
3906	70	1016	203	3	16.17
3907	324	1010	202	3	90.54
3908	223	1011	204	4	115.44
3909	221	1006	210	4	90.80
3910	251	1007	206	8	61.92
3911	261	1006	210	6	136.20
3912	235	1013	210	9	39.24
3913	89	1008	203	3	14.28
3914	339	1020	204	4	34.44
3915	155	1008	210	8	38.08
3916	259	1020	203	4	34.44
3917	108	1016	207	1	5.39
3918	189	1001	205	1	25.61
3919	288	1007	209	7	54.18
3920	86	1003	209	6	99.90
3921	258	1014	203	7	121.66
3922	184	1019	210	2	51.82
3923	204	1014	209	2	34.76
3924	91	1015	206	4	53.80
3925	255	1015	204	9	121.05
3926	330	1014	208	9	156.42
3927	143	1006	203	3	68.10
3928	49	1015	205	8	107.60
3929	357	1001	207	6	153.66
3930	312	1006	206	1	22.70
3931	282	1013	205	6	26.16
3932	115	1007	208	4	30.96
3933	34	1006	206	7	158.90
3934	206	1009	206	9	297.81
3935	289	1011	206	8	230.88
3936	271	1008	206	8	38.08
3937	231	1016	206	4	21.56
3938	259	1020	210	7	60.27
3939	12	1013	207	3	13.08
3940	56	1007	207	8	61.92
3941	124	1010	204	2	60.36
3942	72	1007	205	3	23.22
3943	331	1011	210	4	115.44
3944	339	1020	208	3	25.83
3945	4	1011	201	1	28.86
3946	278	1012	205	8	71.60
3947	149	1015	208	6	80.70
3948	56	1011	209	7	202.02
3949	39	1020	208	7	60.27
3950	293	1009	203	7	231.63
3951	279	1012	205	1	8.95
3952	53	1014	208	3	52.14
3953	199	1003	206	3	49.95
3954	112	1020	205	2	17.22
3955	178	1013	209	3	13.08
3956	103	1001	202	2	51.22
3957	6	1009	203	4	132.36
3958	82	1002	208	1	7.20
3959	145	1019	210	5	129.55
3960	240	1019	202	7	181.37
3961	186	1006	206	9	204.30
3962	161	1005	207	8	24.72
3963	9	1008	203	8	38.08
3964	134	1016	209	2	10.78
3965	291	1001	201	9	230.49
3966	88	1015	209	4	53.80
3967	359	1016	206	8	43.12
3968	190	1013	203	9	39.24
3969	249	1005	206	4	12.36
3970	303	1020	202	4	34.44
3971	100	1002	204	2	14.40
3972	190	1010	201	1	30.18
3973	3	1018	207	1	3.63
3974	38	1001	203	6	153.66
3975	309	1011	205	8	230.88
3976	282	1014	207	6	104.28
3977	230	1020	203	4	34.44
3978	43	1014	202	9	156.42
3979	19	1002	210	5	36.00
3980	34	1011	203	2	57.72
3981	328	1008	207	8	38.08
3982	323	1012	204	6	53.70
3983	338	1002	202	7	50.40
3984	176	1018	209	9	32.67
3985	24	1001	203	6	153.66
3986	116	1019	204	1	25.91
3987	361	1017	206	3	43.59
3988	248	1005	203	4	12.36
3989	4	1003	208	7	116.55
3990	40	1015	209	6	80.70
3991	120	1001	206	1	25.61
3992	116	1001	209	6	153.66
3993	172	1013	210	2	8.72
3994	5	1014	208	2	34.76
3995	142	1017	202	5	72.65
3996	173	1011	208	9	259.74
3997	294	1018	206	3	10.89
3998	41	1014	201	2	34.76
3999	285	1004	206	3	57.12
4000	228	1006	208	8	181.60
4001	12	1017	210	7	101.71
4002	150	1013	206	2	8.72
4003	221	1020	201	3	25.83
4004	159	1013	206	1	4.36
4005	115	1003	210	8	133.20
4006	71	1008	206	8	38.08
4007	178	1012	206	1	8.95
4008	96	1019	206	2	51.82
4009	94	1018	210	3	10.89
4010	243	1012	202	2	17.90
4011	57	1011	209	5	144.30
4012	359	1008	203	9	42.84
4013	282	1012	207	3	26.85
4014	226	1016	204	8	43.12
4015	350	1015	210	6	80.70
4016	329	1017	202	5	72.65
4017	356	1004	203	6	114.24
4018	164	1012	202	8	71.60
4019	246	1018	203	3	10.89
4020	143	1003	205	5	83.25
4021	73	1007	208	2	15.48
4022	286	1004	208	6	114.24
4023	177	1015	208	7	94.15
4024	331	1017	203	8	116.24
4025	181	1009	210	5	165.45
4026	297	1012	208	9	80.55
4027	316	1002	205	3	21.60
4028	123	1015	207	3	40.35
4029	229	1016	207	8	43.12
4030	227	1001	205	1	25.61
4031	5	1004	204	8	152.32
4032	103	1002	206	4	28.80
4033	128	1011	203	3	86.58
4034	11	1009	205	6	198.54
4035	359	1001	203	1	25.61
4036	67	1003	210	8	133.20
4037	269	1012	202	9	80.55
4038	291	1009	202	9	297.81
4039	308	1016	201	1	5.39
4040	28	1020	204	3	25.83
4041	141	1009	204	1	33.09
4042	259	1018	208	3	10.89
4043	110	1015	202	6	80.70
4044	308	1001	205	6	153.66
4045	37	1016	205	1	5.39
4046	56	1018	209	5	18.15
4047	66	1006	202	6	136.20
4048	266	1016	205	7	37.73
4049	347	1018	209	1	3.63
4050	147	1002	207	3	21.60
4051	200	1013	205	3	13.08
4052	11	1019	207	5	129.55
4053	361	1005	206	2	6.18
4054	270	1014	204	1	17.38
4055	145	1015	207	5	67.25
4056	273	1006	203	4	90.80
4057	359	1008	202	1	4.76
4058	69	1001	201	4	102.44
4059	111	1001	201	4	102.44
4060	232	1016	208	3	16.17
4061	155	1003	207	3	49.95
4062	223	1017	206	2	29.06
4063	72	1007	202	5	38.70
4064	37	1020	209	2	17.22
4065	36	1006	206	3	68.10
4066	106	1010	204	7	211.26
4067	308	1012	210	8	71.60
4068	151	1018	206	5	18.15
4069	166	1002	205	9	64.80
4070	264	1008	209	9	42.84
4071	130	1009	209	4	132.36
4072	136	1001	201	8	204.88
4073	211	1013	210	4	17.44
4074	174	1011	202	6	173.16
4075	265	1020	201	9	77.49
4076	168	1005	208	4	12.36
4077	137	1003	202	9	149.85
4078	213	1012	206	3	26.85
4079	334	1001	210	5	128.05
4080	281	1007	209	9	69.66
4081	61	1009	206	4	132.36
4082	201	1003	207	8	133.20
4083	116	1013	204	7	30.52
4084	65	1018	203	3	10.89
4085	59	1007	206	7	54.18
4086	140	1006	207	2	45.40
4087	242	1014	209	8	139.04
4088	121	1008	201	5	23.80
4089	273	1016	208	9	48.51
4090	322	1020	202	1	8.61
4091	28	1006	208	9	204.30
4092	238	1019	209	8	207.28
4093	187	1012	206	8	71.60
4094	134	1002	202	8	57.60
4095	122	1010	204	8	241.44
4096	149	1014	209	4	69.52
4097	137	1012	201	8	71.60
4098	334	1007	202	1	7.74
4099	143	1001	202	2	51.22
4100	51	1003	204	8	133.20
4101	39	1002	206	3	21.60
4102	248	1003	210	1	16.65
4103	109	1013	202	8	34.88
4104	278	1010	204	9	271.62
4105	361	1020	207	5	43.05
4106	68	1020	208	7	60.27
4107	295	1014	209	9	156.42
4108	324	1008	208	6	28.56
4109	172	1003	209	6	99.90
4110	17	1015	209	7	94.15
4111	344	1012	209	2	17.90
4112	42	1008	202	2	9.52
4113	114	1007	209	5	38.70
4114	165	1014	208	9	156.42
4115	236	1016	203	3	16.17
4116	241	1012	210	1	8.95
4117	284	1019	201	3	77.73
4118	336	1020	210	2	17.22
4119	3	1011	206	6	173.16
4120	220	1012	207	1	8.95
4121	100	1016	207	2	10.78
4122	347	1004	203	1	19.04
4123	69	1012	202	5	44.75
4124	58	1015	204	6	80.70
4125	139	1017	202	4	58.12
4126	168	1010	210	8	241.44
4127	200	1009	210	4	132.36
4128	331	1008	203	3	14.28
4129	221	1006	203	5	113.50
4130	274	1011	207	7	202.02
4131	311	1011	204	3	86.58
4132	5	1005	207	3	9.27
4133	253	1013	208	7	30.52
4134	312	1015	201	9	121.05
4135	191	1020	202	6	51.66
4136	313	1016	206	7	37.73
4137	336	1018	203	8	29.04
4138	73	1010	207	5	150.90
4139	40	1008	208	2	9.52
4140	329	1011	207	5	144.30
4141	190	1013	206	8	34.88
4142	306	1013	205	4	17.44
4143	276	1020	209	1	8.61
4144	258	1012	206	7	62.65
4145	252	1011	205	6	173.16
4146	101	1003	203	9	149.85
4147	355	1007	204	1	7.74
4148	143	1006	205	8	181.60
4149	292	1004	210	3	57.12
4150	324	1006	205	8	181.60
4151	182	1019	206	3	77.73
4152	91	1002	205	2	14.40
4153	271	1013	202	1	4.36
4154	247	1014	203	2	34.76
4155	251	1012	203	1	8.95
4156	151	1008	203	8	38.08
4157	83	1016	201	5	26.95
4158	305	1018	209	3	10.89
4159	1	1006	206	4	90.80
4160	245	1014	207	1	17.38
4161	337	1008	205	9	42.84
4162	124	1020	208	3	25.83
4163	86	1006	202	6	136.20
4164	362	1015	208	1	13.45
4165	327	1003	210	9	149.85
4166	333	1016	208	7	37.73
4167	262	1007	208	7	54.18
4168	287	1012	209	4	35.80
4169	148	1005	204	4	12.36
4170	41	1018	203	9	32.67
4171	5	1008	207	7	33.32
4172	145	1008	201	3	14.28
4173	255	1003	208	9	149.85
4174	351	1011	210	2	57.72
4175	172	1001	208	9	230.49
4176	209	1015	204	3	40.35
4177	182	1018	202	2	7.26
4178	358	1019	204	4	103.64
4179	94	1007	210	6	46.44
4180	69	1008	208	1	4.76
4181	333	1003	208	8	133.20
4182	230	1008	201	3	14.28
4183	48	1002	201	3	21.60
4184	46	1018	206	5	18.15
4185	331	1007	204	5	38.70
4186	152	1011	203	3	86.58
4187	318	1001	210	9	230.49
4188	127	1011	209	3	86.58
4189	60	1007	210	5	38.70
4190	5	1015	206	9	121.05
4191	215	1019	202	7	181.37
4192	27	1018	202	4	14.52
4193	9	1008	204	5	23.80
4194	187	1002	205	5	36.00
4195	25	1016	209	9	48.51
4196	156	1019	203	4	103.64
4197	17	1018	204	5	18.15
4198	145	1020	210	5	43.05
4199	109	1014	207	5	86.90
4200	104	1004	207	2	38.08
4201	176	1014	204	8	139.04
4202	270	1010	205	1	30.18
4203	365	1017	207	7	101.71
4204	209	1014	206	7	121.66
4205	326	1003	209	1	16.65
4206	101	1010	209	8	241.44
4207	364	1013	201	1	4.36
4208	1	1004	210	5	95.20
4209	230	1018	206	8	29.04
4210	285	1013	202	1	4.36
4211	269	1014	202	5	86.90
4212	145	1006	210	4	90.80
4213	25	1016	204	5	26.95
4214	128	1020	208	1	8.61
4215	292	1012	207	3	26.85
4216	217	1007	201	2	15.48
4217	326	1007	201	2	15.48
4218	104	1008	207	2	9.52
4219	217	1004	206	6	114.24
4220	32	1011	207	4	115.44
4221	132	1004	206	2	38.08
4222	156	1016	202	2	10.78
4223	164	1004	204	6	114.24
4224	224	1020	205	2	17.22
4225	12	1003	201	6	99.90
4226	55	1013	202	6	26.16
4227	244	1010	202	1	30.18
4228	257	1016	203	5	26.95
4229	58	1008	205	1	4.76
4230	203	1016	206	4	21.56
4231	235	1019	202	4	103.64
4232	245	1018	203	5	18.15
4233	251	1014	210	1	17.38
4234	259	1020	207	3	25.83
4235	201	1014	201	9	156.42
4236	312	1020	207	7	60.27
4237	81	1016	208	1	5.39
4238	195	1016	201	3	16.17
4239	160	1006	205	2	45.40
4240	237	1019	206	8	207.28
4241	79	1007	203	7	54.18
4242	245	1002	208	7	50.40
4243	157	1018	208	5	18.15
4244	341	1016	210	1	5.39
4245	59	1004	206	3	57.12
4246	288	1013	208	6	26.16
4247	286	1016	203	9	48.51
4248	306	1014	208	9	156.42
4249	266	1015	206	2	26.90
4250	100	1007	208	1	7.74
4251	365	1020	203	8	68.88
4252	352	1005	210	8	24.72
4253	177	1003	206	6	99.90
4254	349	1016	203	8	43.12
4255	130	1011	207	6	173.16
4256	75	1005	202	4	12.36
4257	145	1002	202	1	7.20
4258	21	1020	208	3	25.83
4259	308	1020	205	2	17.22
4260	130	1010	206	5	150.90
4261	145	1020	206	7	60.27
4262	166	1019	203	2	51.82
4263	111	1007	205	6	46.44
4264	123	1010	206	8	241.44
4265	225	1002	203	7	50.40
4266	327	1008	206	1	4.76
4267	64	1009	201	9	297.81
4268	117	1016	208	9	48.51
4269	277	1006	203	5	113.50
4270	224	1004	201	7	133.28
4271	192	1018	206	2	7.26
4272	215	1005	202	3	9.27
4273	342	1014	204	5	86.90
4274	166	1011	205	1	28.86
4275	352	1019	207	8	207.28
4276	79	1020	209	5	43.05
4277	61	1014	205	2	34.76
4278	51	1002	209	4	28.80
4279	351	1006	210	9	204.30
4280	227	1019	207	7	181.37
4281	209	1001	206	9	230.49
4282	293	1020	205	4	34.44
4283	184	1014	201	9	156.42
4284	5	1003	202	9	149.85
4285	353	1010	204	1	30.18
4286	27	1020	205	3	25.83
4287	216	1003	201	2	33.30
4288	167	1002	210	7	50.40
4289	318	1005	201	4	12.36
4290	75	1008	201	8	38.08
4291	139	1019	206	6	155.46
4292	360	1007	208	5	38.70
4293	136	1007	202	2	15.48
4294	249	1020	210	3	25.83
4295	303	1010	201	8	241.44
4296	327	1020	210	5	43.05
4297	258	1008	209	4	19.04
4298	164	1009	203	9	297.81
4299	203	1008	209	8	38.08
4300	118	1014	205	8	139.04
4301	224	1017	201	4	58.12
4302	19	1017	210	6	87.18
4303	260	1013	202	4	17.44
4304	298	1005	204	7	21.63
4305	286	1011	208	2	57.72
4306	332	1001	204	2	51.22
4307	347	1001	203	8	204.88
4308	28	1015	201	8	107.60
4309	363	1003	210	9	149.85
4310	313	1018	205	9	32.67
4311	80	1019	204	9	233.19
4312	275	1015	210	7	94.15
4313	313	1007	208	7	54.18
4314	343	1003	208	1	16.65
4315	182	1011	202	2	57.72
4316	142	1006	201	1	22.70
4317	41	1009	208	8	264.72
4318	318	1005	203	9	27.81
4319	33	1010	207	4	120.72
4320	294	1007	208	2	15.48
4321	89	1017	204	4	58.12
4322	179	1018	202	7	25.41
4323	176	1010	204	2	60.36
4324	6	1003	207	8	133.20
4325	360	1003	204	4	66.60
4326	298	1007	206	6	46.44
4327	348	1011	203	4	115.44
4328	54	1014	203	7	121.66
4329	287	1001	208	6	153.66
4330	43	1002	203	8	57.60
4331	144	1019	204	3	77.73
4332	295	1008	205	8	38.08
4333	187	1005	205	7	21.63
4334	88	1018	208	6	21.78
4335	100	1012	208	1	8.95
4336	301	1008	210	1	4.76
4337	193	1011	203	3	86.58
4338	122	1015	204	7	94.15
4339	186	1002	206	1	7.20
4340	142	1015	202	4	53.80
4341	252	1015	202	4	53.80
4342	355	1014	209	2	34.76
4343	237	1012	202	1	8.95
4344	285	1010	205	1	30.18
4345	63	1011	209	6	173.16
4346	358	1007	210	2	15.48
4347	137	1005	205	3	9.27
4348	256	1006	205	7	158.90
4349	340	1006	207	7	158.90
4350	30	1007	209	8	61.92
4351	113	1020	208	6	51.66
4352	26	1015	201	1	13.45
4353	289	1008	203	2	9.52
4354	220	1019	206	6	155.46
4355	54	1018	204	5	18.15
4356	348	1020	209	8	68.88
4357	195	1002	205	6	43.20
4358	10	1016	207	9	48.51
4359	325	1005	206	9	27.81
4360	189	1001	201	2	51.22
4361	350	1016	202	3	16.17
4362	321	1011	208	6	173.16
4363	200	1009	210	1	33.09
4364	155	1017	204	4	58.12
4365	55	1003	204	9	149.85
4366	294	1020	208	2	17.22
4367	218	1020	202	9	77.49
4368	55	1010	209	8	241.44
4369	304	1008	203	6	28.56
4370	19	1016	202	2	10.78
4371	353	1015	204	7	94.15
4372	328	1009	201	5	165.45
4373	192	1006	210	1	22.70
4374	350	1007	203	4	30.96
4375	27	1001	203	1	25.61
4376	228	1012	206	6	53.70
4377	161	1004	204	3	57.12
4378	280	1016	204	4	21.56
4379	103	1012	206	4	35.80
4380	53	1015	209	7	94.15
4381	207	1008	201	7	33.32
4382	299	1012	201	8	71.60
4383	199	1019	205	1	25.91
4384	154	1014	204	4	69.52
4385	200	1004	209	5	95.20
4386	10	1011	203	1	28.86
4387	305	1009	208	1	33.09
4388	150	1010	208	2	60.36
4389	138	1009	205	7	231.63
4390	194	1004	205	6	114.24
4391	234	1005	205	3	9.27
4392	121	1019	208	3	77.73
4393	276	1009	209	5	165.45
4394	63	1017	207	5	72.65
4395	241	1005	205	8	24.72
4396	228	1016	210	1	5.39
4397	137	1009	201	4	132.36
4398	296	1017	206	4	58.12
4399	245	1005	206	8	24.72
4400	93	1019	207	4	103.64
4401	282	1012	203	7	62.65
4402	290	1020	206	7	60.27
4403	107	1008	210	1	4.76
4404	173	1009	206	8	264.72
4405	24	1020	205	2	17.22
4406	48	1007	210	1	7.74
4407	355	1004	209	5	95.20
4408	272	1020	209	1	8.61
4409	331	1008	210	9	42.84
4410	97	1010	203	8	241.44
4411	168	1008	203	7	33.32
4412	65	1006	209	5	113.50
4413	9	1001	207	9	230.49
4414	244	1011	206	9	259.74
4415	141	1010	210	7	211.26
4416	100	1019	207	5	129.55
4417	168	1011	209	6	173.16
4418	78	1020	207	4	34.44
4419	206	1015	207	3	40.35
4420	32	1012	206	2	17.90
4421	126	1004	208	4	76.16
4422	48	1011	202	2	57.72
4423	264	1016	210	8	43.12
4424	33	1020	207	1	8.61
4425	332	1016	208	6	32.34
4426	80	1017	201	5	72.65
4427	239	1006	205	8	181.60
4428	328	1019	205	7	181.37
4429	239	1011	204	9	259.74
4430	209	1014	208	5	86.90
4431	265	1001	204	4	102.44
4432	325	1004	203	8	152.32
4433	66	1003	206	6	99.90
4434	173	1016	202	5	26.95
4435	116	1013	207	8	34.88
4436	121	1018	210	5	18.15
4437	137	1012	210	5	44.75
4438	118	1014	209	6	104.28
4439	333	1001	208	8	204.88
4440	346	1013	209	5	21.80
4441	25	1009	209	8	264.72
4442	197	1012	205	2	17.90
4443	331	1016	201	9	48.51
4444	339	1019	205	9	233.19
4445	362	1016	203	8	43.12
4446	342	1010	210	4	120.72
4447	123	1018	206	3	10.89
4448	195	1018	202	6	21.78
4449	23	1015	204	9	121.05
4450	189	1019	210	8	207.28
4451	294	1007	207	1	7.74
4452	184	1011	208	7	202.02
4453	342	1017	203	9	130.77
4454	103	1006	206	8	181.60
4455	329	1018	207	2	7.26
4456	218	1015	205	3	40.35
4457	115	1003	201	6	99.90
4458	72	1002	204	5	36.00
4459	18	1015	204	2	26.90
4460	242	1008	206	3	14.28
4461	363	1010	206	6	181.08
4462	356	1020	207	4	34.44
4463	122	1018	203	1	3.63
4464	296	1012	208	5	44.75
4465	12	1011	204	1	28.86
4466	283	1004	209	1	19.04
4467	61	1004	209	7	133.28
4468	124	1010	201	2	60.36
4469	110	1004	208	4	76.16
4470	155	1004	210	6	114.24
4471	161	1012	201	2	17.90
4472	63	1011	205	9	259.74
4473	19	1016	206	7	37.73
4474	128	1006	201	6	136.20
4475	59	1008	207	6	28.56
4476	62	1013	203	6	26.16
4477	190	1020	205	2	17.22
4478	13	1019	205	3	77.73
4479	255	1010	207	6	181.08
4480	14	1020	203	7	60.27
4481	192	1004	208	9	171.36
4482	60	1013	208	8	34.88
4483	235	1002	208	5	36.00
4484	32	1005	210	8	24.72
4485	46	1009	207	6	198.54
4486	246	1020	210	9	77.49
4487	339	1005	209	4	12.36
4488	3	1003	201	6	99.90
4489	302	1018	208	9	32.67
4490	339	1019	209	7	181.37
4491	245	1019	201	1	25.91
4492	192	1013	201	3	13.08
4493	197	1008	206	7	33.32
4494	305	1007	209	1	7.74
4495	96	1012	209	2	17.90
4496	150	1008	205	2	9.52
4497	337	1001	201	1	25.61
4498	194	1015	208	4	53.80
4499	111	1015	205	8	107.60
4500	330	1020	208	3	25.83
4501	9	1019	205	9	233.19
4502	214	1019	203	1	25.91
4503	183	1014	205	5	86.90
4504	307	1004	204	2	38.08
4505	133	1007	204	4	30.96
4506	118	1006	208	1	22.70
4507	249	1011	208	1	28.86
4508	23	1017	208	5	72.65
4509	33	1001	204	4	102.44
4510	27	1003	207	1	16.65
4511	268	1008	202	7	33.32
4512	353	1016	204	2	10.78
4513	70	1010	210	4	120.72
4514	129	1003	209	6	99.90
4515	159	1002	201	6	43.20
4516	108	1016	206	9	48.51
4517	186	1004	205	3	57.12
4518	13	1011	210	5	144.30
4519	335	1001	201	2	51.22
4520	197	1006	201	8	181.60
4521	82	1003	208	9	149.85
4522	82	1004	207	7	133.28
4523	224	1014	204	1	17.38
4524	318	1005	210	7	21.63
4525	311	1008	207	1	4.76
4526	213	1013	202	3	13.08
4527	94	1008	210	9	42.84
4528	5	1005	201	3	9.27
4529	185	1015	205	5	67.25
4530	314	1010	205	6	181.08
4531	359	1020	207	3	25.83
4532	118	1015	207	6	80.70
4533	112	1007	204	5	38.70
4534	103	1003	205	6	99.90
4535	294	1001	209	2	51.22
4536	77	1019	204	5	129.55
4537	257	1006	208	1	22.70
4538	277	1020	205	6	51.66
4539	272	1006	209	9	204.30
4540	297	1002	203	8	57.60
4541	245	1013	205	5	21.80
4542	242	1011	202	1	28.86
4543	188	1001	202	8	204.88
4544	332	1013	210	3	13.08
4545	288	1015	206	8	107.60
4546	292	1006	205	4	90.80
4547	316	1008	201	9	42.84
4548	205	1016	209	2	10.78
4549	205	1015	207	4	53.80
4550	277	1014	206	3	52.14
4551	136	1014	201	9	156.42
4552	55	1006	208	6	136.20
4553	309	1013	205	5	21.80
4554	182	1001	205	8	204.88
4555	35	1007	210	7	54.18
4556	331	1011	204	5	144.30
4557	295	1013	204	6	26.16
4558	51	1012	206	6	53.70
4559	231	1009	208	2	66.18
4560	306	1010	204	3	90.54
4561	81	1020	203	3	25.83
4562	232	1007	205	8	61.92
4563	170	1014	202	2	34.76
4564	188	1012	202	3	26.85
4565	310	1015	210	7	94.15
4566	182	1002	201	4	28.80
4567	167	1001	202	5	128.05
4568	287	1004	202	1	19.04
4569	194	1009	206	3	99.27
4570	277	1001	209	4	102.44
4571	143	1015	207	7	94.15
4572	174	1002	205	6	43.20
4573	137	1009	207	8	264.72
4574	7	1020	208	3	25.83
4575	344	1001	203	7	179.27
4576	203	1006	208	6	136.20
4577	254	1011	209	2	57.72
4578	105	1005	208	2	6.18
4579	85	1001	207	1	25.61
4580	249	1006	210	1	22.70
4581	78	1013	204	1	4.36
4582	53	1010	203	5	150.90
4583	346	1019	205	7	181.37
4584	279	1011	203	4	115.44
4585	293	1011	209	9	259.74
4586	248	1008	208	4	19.04
4587	197	1007	205	1	7.74
4588	228	1009	205	6	198.54
4589	102	1013	206	9	39.24
4590	281	1009	208	8	264.72
4591	122	1010	203	2	60.36
4592	250	1015	202	5	67.25
4593	224	1004	209	3	57.12
4594	237	1008	204	9	42.84
4595	146	1014	210	7	121.66
4596	354	1002	208	8	57.60
4597	250	1002	202	9	64.80
4598	45	1009	206	1	33.09
4599	276	1003	210	7	116.55
4600	284	1002	204	2	14.40
4601	365	1013	201	9	39.24
4602	94	1010	202	7	211.26
4603	226	1002	210	4	28.80
4604	40	1015	201	2	26.90
4605	173	1017	207	9	130.77
4606	55	1008	210	7	33.32
4607	360	1006	208	9	204.30
4608	206	1012	210	4	35.80
4609	282	1009	201	6	198.54
4610	139	1007	202	8	61.92
4611	349	1008	209	2	9.52
4612	224	1014	208	7	121.66
4613	282	1015	209	7	94.15
4614	322	1002	204	7	50.40
4615	235	1012	204	4	35.80
4616	282	1018	209	5	18.15
4617	9	1018	206	3	10.89
4618	49	1003	202	1	16.65
4619	194	1017	202	3	43.59
4620	53	1008	210	2	9.52
4621	20	1001	203	5	128.05
4622	116	1013	208	8	34.88
4623	197	1007	208	5	38.70
4624	213	1001	207	4	102.44
4625	36	1015	207	6	80.70
4626	327	1017	205	8	116.24
4627	298	1020	205	1	8.61
4628	12	1017	201	9	130.77
4629	147	1007	201	8	61.92
4630	311	1001	210	2	51.22
4631	243	1003	207	7	116.55
4632	225	1002	201	4	28.80
4633	5	1012	209	2	17.90
4634	47	1012	209	3	26.85
4635	234	1012	201	6	53.70
4636	229	1011	205	5	144.30
4637	154	1004	210	9	171.36
4638	51	1003	205	1	16.65
4639	359	1011	209	4	115.44
4640	7	1003	201	3	49.95
4641	142	1014	207	9	156.42
4642	189	1008	202	5	23.80
4643	100	1009	209	2	66.18
4644	322	1017	209	4	58.12
4645	290	1002	207	1	7.20
4646	359	1007	208	9	69.66
4647	132	1010	203	7	211.26
4648	185	1009	204	7	231.63
4649	260	1003	207	6	99.90
4650	305	1006	203	4	90.80
4651	349	1007	209	1	7.74
4652	58	1001	204	8	204.88
4653	236	1011	205	4	115.44
4654	113	1010	206	8	241.44
4655	155	1008	201	5	23.80
4656	180	1008	210	9	42.84
4657	109	1017	210	2	29.06
4658	121	1014	204	6	104.28
4659	341	1020	205	9	77.49
4660	317	1004	208	5	95.20
4661	134	1006	208	1	22.70
4662	193	1012	208	7	62.65
4663	263	1016	210	1	5.39
4664	311	1019	205	9	233.19
4665	157	1018	204	5	18.15
4666	111	1004	206	5	95.20
4667	192	1020	204	9	77.49
4668	113	1019	203	6	155.46
4669	181	1006	209	5	113.50
4670	62	1011	204	9	259.74
4671	309	1001	201	5	128.05
4672	248	1016	206	6	32.34
4673	176	1006	201	9	204.30
4674	179	1001	201	1	25.61
4675	48	1004	208	9	171.36
4676	229	1011	209	5	144.30
4677	158	1008	201	7	33.32
4678	206	1012	205	3	26.85
4679	194	1010	206	2	60.36
4680	219	1002	202	3	21.60
4681	340	1008	206	5	23.80
4682	362	1002	207	1	7.20
4683	77	1004	207	6	114.24
4684	241	1010	208	7	211.26
4685	244	1005	205	9	27.81
4686	135	1010	206	8	241.44
4687	184	1015	208	1	13.45
4688	210	1011	202	6	173.16
4689	113	1004	210	8	152.32
4690	95	1020	201	5	43.05
4691	301	1018	202	2	7.26
4692	49	1008	209	9	42.84
4693	217	1005	208	6	18.54
4694	76	1006	208	1	22.70
4695	20	1011	201	8	230.88
4696	212	1001	209	5	128.05
4697	184	1003	203	5	83.25
4698	46	1004	203	7	133.28
4699	67	1020	208	3	25.83
4700	263	1003	206	1	16.65
4701	140	1020	210	8	68.88
4702	75	1011	208	4	115.44
4703	311	1019	209	4	103.64
4704	228	1001	208	8	204.88
4705	302	1012	206	2	17.90
4706	323	1003	209	4	66.60
4707	190	1013	207	7	30.52
4708	49	1007	209	5	38.70
4709	215	1006	204	2	45.40
4710	243	1001	204	3	76.83
4711	255	1002	202	6	43.20
4712	302	1010	204	5	150.90
4713	39	1001	210	1	25.61
4714	287	1003	204	9	149.85
4715	291	1009	208	5	165.45
4716	302	1012	202	4	35.80
4717	202	1012	205	6	53.70
4718	274	1019	203	3	77.73
4719	204	1007	203	6	46.44
4720	166	1011	201	6	173.16
4721	192	1015	205	7	94.15
4722	25	1004	207	5	95.20
4723	288	1009	208	4	132.36
4724	175	1019	207	6	155.46
4725	31	1009	207	5	165.45
4726	16	1005	205	9	27.81
4727	176	1010	206	2	60.36
4728	102	1009	201	6	198.54
4729	229	1012	205	1	8.95
4730	318	1006	202	4	90.80
4731	331	1018	202	8	29.04
4732	301	1005	208	5	15.45
4733	166	1010	202	7	211.26
4734	7	1006	205	9	204.30
4735	200	1006	206	4	90.80
4736	332	1010	208	3	90.54
4737	236	1005	209	9	27.81
4738	207	1001	201	1	25.61
4739	330	1003	204	6	99.90
4740	262	1010	204	7	211.26
4741	86	1010	202	2	60.36
4742	232	1004	203	6	114.24
4743	205	1020	206	8	68.88
4744	126	1007	202	8	61.92
4745	18	1017	208	9	130.77
4746	95	1001	210	6	153.66
4747	60	1004	205	6	114.24
4748	93	1006	205	8	181.60
4749	120	1013	210	4	17.44
4750	70	1005	210	5	15.45
4751	259	1013	205	2	8.72
4752	128	1001	205	1	25.61
4753	254	1010	205	4	120.72
4754	127	1010	208	9	271.62
4755	199	1012	206	5	44.75
4756	345	1009	209	5	165.45
4757	290	1020	204	9	77.49
4758	250	1020	204	5	43.05
4759	158	1006	210	3	68.10
4760	96	1020	204	2	17.22
4761	116	1020	209	2	17.22
4762	93	1006	206	7	158.90
4763	81	1007	201	6	46.44
4764	14	1012	203	8	71.60
4765	301	1012	205	7	62.65
4766	144	1012	207	6	53.70
4767	340	1003	209	8	133.20
4768	229	1012	206	8	71.60
4769	285	1016	202	9	48.51
4770	24	1007	210	2	15.48
4771	163	1011	207	5	144.30
4772	172	1020	204	5	43.05
4773	69	1015	209	2	26.90
4774	251	1001	207	7	179.27
4775	94	1007	204	1	7.74
4776	180	1013	209	1	4.36
4777	274	1014	209	3	52.14
4778	307	1007	203	7	54.18
4779	188	1002	201	8	57.60
4780	51	1003	203	5	83.25
4781	330	1004	205	5	95.20
4782	143	1006	210	1	22.70
4783	115	1006	205	6	136.20
4784	228	1013	208	2	8.72
4785	176	1008	207	8	38.08
4786	349	1006	209	3	68.10
4787	31	1005	203	3	9.27
4788	21	1013	203	6	26.16
4789	186	1012	208	9	80.55
4790	99	1010	209	1	30.18
4791	342	1012	205	5	44.75
4792	334	1005	208	6	18.54
4793	248	1011	204	7	202.02
4794	297	1018	208	7	25.41
4795	226	1010	209	1	30.18
4796	246	1008	201	4	19.04
4797	22	1005	204	7	21.63
4798	26	1006	206	5	113.50
4799	131	1004	208	5	95.20
4800	260	1014	206	2	34.76
4801	312	1001	208	5	128.05
4802	330	1015	201	6	80.70
4803	269	1008	209	2	9.52
4804	143	1017	201	1	14.53
4805	150	1003	210	1	16.65
4806	264	1009	207	2	66.18
4807	342	1017	202	9	130.77
4808	349	1018	210	4	14.52
4809	29	1015	210	6	80.70
4810	319	1017	202	9	130.77
4811	27	1016	202	4	21.56
4812	364	1013	207	8	34.88
4813	29	1004	209	2	38.08
4814	241	1016	209	9	48.51
4815	213	1006	208	1	22.70
4816	333	1007	203	2	15.48
4817	173	1020	202	9	77.49
4818	12	1001	208	9	230.49
4819	117	1006	207	3	68.10
4820	209	1013	202	9	39.24
4821	4	1004	209	5	95.20
4822	303	1006	203	6	136.20
4823	281	1004	210	1	19.04
4824	113	1019	208	1	25.91
4825	79	1006	204	6	136.20
4826	348	1013	208	2	8.72
4827	330	1007	206	4	30.96
4828	334	1008	202	3	14.28
4829	133	1002	203	3	21.60
4830	286	1008	204	8	38.08
4831	145	1014	208	9	156.42
4832	71	1012	208	8	71.60
4833	347	1015	203	5	67.25
4834	276	1013	205	1	4.36
4835	112	1016	202	1	5.39
4836	118	1002	201	2	14.40
4837	151	1010	209	1	30.18
4838	119	1011	208	7	202.02
4839	24	1006	204	5	113.50
4840	301	1003	208	5	83.25
4841	173	1014	204	8	139.04
4842	333	1007	207	6	46.44
4843	114	1015	202	6	80.70
4844	219	1019	201	4	103.64
4845	225	1008	204	9	42.84
4846	145	1006	208	1	22.70
4847	150	1002	202	6	43.20
4848	319	1018	209	2	7.26
4849	149	1020	203	6	51.66
4850	152	1006	207	2	45.40
4851	94	1002	209	9	64.80
4852	77	1015	201	3	40.35
4853	19	1008	203	2	9.52
4854	303	1013	208	9	39.24
4855	279	1002	209	4	28.80
4856	327	1007	210	8	61.92
4857	333	1020	208	3	25.83
4858	185	1014	204	4	69.52
4859	262	1001	205	2	51.22
4860	66	1011	206	5	144.30
4861	82	1018	207	9	32.67
4862	150	1007	208	2	15.48
4863	32	1004	210	8	152.32
4864	360	1007	201	2	15.48
4865	210	1006	206	1	22.70
4866	28	1008	209	4	19.04
4867	54	1004	206	6	114.24
4868	98	1013	201	7	30.52
4869	199	1009	205	5	165.45
4870	339	1001	208	5	128.05
4871	64	1019	203	7	181.37
4872	100	1018	205	9	32.67
4873	140	1006	205	5	113.50
4874	274	1018	208	6	21.78
4875	66	1004	209	8	152.32
4876	305	1020	205	1	8.61
4877	350	1010	210	9	271.62
4878	199	1018	207	5	18.15
4879	25	1009	205	5	165.45
4880	282	1002	206	9	64.80
4881	277	1017	209	4	58.12
4882	54	1018	208	3	10.89
4883	248	1013	210	9	39.24
4884	332	1017	209	1	14.53
4885	338	1018	209	9	32.67
4886	19	1020	203	3	25.83
4887	288	1017	205	7	101.71
4888	127	1017	207	9	130.77
4889	27	1003	208	1	16.65
4890	189	1012	204	4	35.80
4891	79	1009	201	1	33.09
4892	343	1005	209	9	27.81
4893	209	1016	201	8	43.12
4894	77	1016	210	3	16.17
4895	217	1008	208	5	23.80
4896	293	1017	209	9	130.77
4897	99	1009	209	9	297.81
4898	264	1010	210	5	150.90
4899	194	1011	205	5	144.30
4900	335	1018	206	5	18.15
4901	218	1001	201	6	153.66
4902	202	1009	208	6	198.54
4903	148	1005	208	3	9.27
4904	89	1020	205	1	8.61
4905	121	1006	204	4	90.80
4906	47	1020	201	2	17.22
4907	97	1007	207	9	69.66
4908	167	1013	204	9	39.24
4909	343	1017	210	5	72.65
4910	99	1009	205	9	297.81
4911	77	1002	207	4	28.80
4912	70	1009	201	1	33.09
4913	256	1004	203	4	76.16
4914	228	1019	204	2	51.82
4915	94	1012	202	4	35.80
4916	257	1009	208	4	132.36
4917	222	1009	203	6	198.54
4918	311	1003	206	2	33.30
4919	329	1012	205	4	35.80
4920	12	1011	209	7	202.02
4921	109	1010	209	7	211.26
4922	344	1017	207	4	58.12
4923	286	1001	202	2	51.22
4924	184	1012	205	4	35.80
4925	272	1005	208	2	6.18
4926	162	1009	202	6	198.54
4927	10	1011	202	5	144.30
4928	110	1014	204	4	69.52
4929	330	1012	201	8	71.60
4930	330	1020	209	5	43.05
4931	345	1019	206	6	155.46
4932	252	1003	206	7	116.55
4933	67	1009	203	6	198.54
4934	79	1003	209	8	133.20
4935	25	1013	202	1	4.36
4936	128	1010	209	4	120.72
4937	311	1007	202	1	7.74
4938	344	1015	210	8	107.60
4939	252	1001	206	5	128.05
4940	27	1009	205	5	165.45
4941	95	1003	208	3	49.95
4942	77	1016	201	4	21.56
4943	193	1016	205	3	16.17
4944	220	1012	209	1	8.95
4945	342	1007	202	8	61.92
4946	360	1010	210	8	241.44
4947	246	1012	209	5	44.75
4948	135	1013	210	3	13.08
4949	230	1016	210	8	43.12
4950	263	1017	203	2	29.06
4951	337	1002	202	1	7.20
4952	313	1014	204	9	156.42
4953	119	1015	208	1	13.45
4954	274	1014	208	9	156.42
4955	286	1001	207	9	230.49
4956	284	1004	203	5	95.20
4957	32	1019	205	7	181.37
4958	50	1003	203	2	33.30
4959	27	1012	205	8	71.60
4960	253	1004	203	4	76.16
4961	186	1015	204	9	121.05
4962	211	1019	207	1	25.91
4963	359	1010	202	1	30.18
4964	247	1009	203	2	66.18
4965	298	1002	201	9	64.80
4966	110	1011	201	9	259.74
4967	143	1018	205	6	21.78
4968	204	1017	204	3	43.59
4969	318	1009	210	7	231.63
4970	64	1011	201	4	115.44
4971	251	1010	203	2	60.36
4972	263	1009	209	9	297.81
4973	39	1010	204	9	271.62
4974	169	1017	201	8	116.24
4975	149	1008	208	3	14.28
4976	242	1012	209	3	26.85
4977	195	1019	203	4	103.64
4978	198	1014	207	8	139.04
4979	191	1013	207	2	8.72
4980	91	1016	207	1	5.39
4981	153	1003	208	5	83.25
4982	142	1013	205	7	30.52
4983	131	1015	206	8	107.60
4984	70	1009	203	7	231.63
4985	53	1020	202	9	77.49
4986	223	1015	204	6	80.70
4987	93	1020	201	6	51.66
4988	180	1015	203	7	94.15
4989	311	1011	201	1	28.86
4990	227	1005	206	7	21.63
4991	43	1005	208	4	12.36
4992	167	1018	202	9	32.67
4993	14	1016	203	1	5.39
4994	269	1019	210	2	51.82
4995	60	1009	205	7	231.63
4996	74	1004	205	8	152.32
4997	265	1002	205	5	36.00
4998	257	1019	208	1	25.91
4999	23	1012	209	3	26.85
5000	203	1002	209	2	14.40
\.


--
-- Name: dimdate dimdate_pkey; Type: CONSTRAINT; Schema: public; Owner: myuser
--

ALTER TABLE ONLY public.dimdate
    ADD CONSTRAINT dimdate_pkey PRIMARY KEY (dateid);


--
-- Name: dimproduct dimproduct_pkey; Type: CONSTRAINT; Schema: public; Owner: myuser
--

ALTER TABLE ONLY public.dimproduct
    ADD CONSTRAINT dimproduct_pkey PRIMARY KEY (productid);


--
-- Name: dimstore dimstore_pkey; Type: CONSTRAINT; Schema: public; Owner: myuser
--

ALTER TABLE ONLY public.dimstore
    ADD CONSTRAINT dimstore_pkey PRIMARY KEY (storeid);


--
-- Name: factsales factsales_pkey; Type: CONSTRAINT; Schema: public; Owner: myuser
--

ALTER TABLE ONLY public.factsales
    ADD CONSTRAINT factsales_pkey PRIMARY KEY (salesid);


--
-- Name: idx_dimdate_month_year; Type: INDEX; Schema: public; Owner: myuser
--

CREATE INDEX idx_dimdate_month_year ON public.dimdate USING btree (month, year);


--
-- Name: idx_dimstore_region; Type: INDEX; Schema: public; Owner: myuser
--

CREATE INDEX idx_dimstore_region ON public.dimstore USING btree (region);


--
-- Name: idx_factsales_date_id; Type: INDEX; Schema: public; Owner: myuser
--

CREATE INDEX idx_factsales_date_id ON public.factsales USING btree (dateid);


--
-- Name: idx_factsales_store_id; Type: INDEX; Schema: public; Owner: myuser
--

CREATE INDEX idx_factsales_store_id ON public.factsales USING btree (storeid);


--
-- Name: factsales factsales_dateid_fkey; Type: FK CONSTRAINT; Schema: public; Owner: myuser
--

ALTER TABLE ONLY public.factsales
    ADD CONSTRAINT factsales_dateid_fkey FOREIGN KEY (dateid) REFERENCES public.dimdate(dateid);


--
-- Name: factsales factsales_productid_fkey; Type: FK CONSTRAINT; Schema: public; Owner: myuser
--

ALTER TABLE ONLY public.factsales
    ADD CONSTRAINT factsales_productid_fkey FOREIGN KEY (productid) REFERENCES public.dimproduct(productid);


--
-- Name: factsales factsales_storeid_fkey; Type: FK CONSTRAINT; Schema: public; Owner: myuser
--

ALTER TABLE ONLY public.factsales
    ADD CONSTRAINT factsales_storeid_fkey FOREIGN KEY (storeid) REFERENCES public.dimstore(storeid);


--
-- PostgreSQL database dump complete
--

